original_folder,reid_folder,side,day/night,original_name,new_name,reid_wo_time,index_wo_time,reid_wo_side,index_wo_side,index_wo_sidetime,mirrow
Circles,0,left,night,Por-Por37_00681.JPG,0.jpg,Circles_left,0,Circles_night,0,0,False
Circles,0,left,night,Por-Por31_00382.JPG,1.jpg,Circles_left,0,Circles_night,0,0,False
Circles,0,left,night,Por-Por29_00067.JPG,2.jpg,Circles_left,0,Circles_night,0,0,False
Circles,0,left,night,Por-Por29_00077.JPG,3.jpg,Circles_left,0,Circles_night,0,0,False
Circles,0,left,night,Por-Por29_00066.JPG,4.jpg,Circles_left,0,Circles_night,0,0,False
Circles,0,left,night,Por-Por35_00462.JPG,5.jpg,Circles_left,0,Circles_night,0,0,False
Circles,0,left,night,Por-Por29_00078.JPG,6.jpg,Circles_left,0,Circles_night,0,0,False
Circles,0,left,night,Por-Por33_00332.JPG,7.jpg,Circles_left,0,Circles_night,0,0,False
Circles,0,left,night,Por-Por33_00331.JPG,8.jpg,Circles_left,0,Circles_night,0,0,False
Circles,0,left,night,Por-Por37_00682.JPG,9.jpg,Circles_left,0,Circles_night,0,0,False
Circles,0,left,night,Por-Por29_00065.JPG,10.jpg,Circles_left,0,Circles_night,0,0,False
Circles,0,left,night,Por-Por29_00062.JPG,11.jpg,Circles_left,0,Circles_night,0,0,False
Circles,0,left,night,Por-Por29_00064.JPG,12.jpg,Circles_left,0,Circles_night,0,0,False
Circles,0,left,night,Por-Por31_00381.JPG,13.jpg,Circles_left,0,Circles_night,0,0,False
Circles,1,right,night,Por-Por31_00903.JPG,14.jpg,Circles_right,1,Circles_night,0,0,False
Circles,1,right,night,Por-Por31_00061(1).jpg,15.jpg,Circles_right,1,Circles_night,0,0,False
Circles,1,right,night,Por-Por33_00161.JPG,16.jpg,Circles_right,1,Circles_night,0,0,False
Circles,1,right,night,Por-Por31_00902.JPG,17.jpg,Circles_right,1,Circles_night,0,0,False
Circles,1,right,night,Por-Por34_00322.JPG,18.jpg,Circles_right,1,Circles_night,0,0,False
Circles,1,right,night,Por-Por28_01352.JPG,19.jpg,Circles_right,1,Circles_night,0,0,False
Circles,1,right,night,Por-Por33_00151.JPG,20.jpg,Circles_right,1,Circles_night,0,0,False
Circles,2,left,day,Por-Por34_00313.JPG,21.jpg,Circles_left,0,Circles_day,1,0,False
Circles,2,left,day,Por-Por34_00311.JPG,22.jpg,Circles_left,0,Circles_day,1,0,False
Circles,2,left,day,Por-Por34_00312.JPG,23.jpg,Circles_left,0,Circles_day,1,0,False
Circles,2,left,day,Por-Por34_00314.JPG,24.jpg,Circles_left,0,Circles_day,1,0,False
Felix,7,left,night,Mer-Mer17_00174.JPG,85.jpg,Felix_left,4,Felix_night,4,2,False
Felix,7,left,night,Mer-Mer01_00001.JPG,86.jpg,Felix_left,4,Felix_night,4,2,False
Felix,7,left,night,Mer-Mer12_00092.JPG,87.jpg,Felix_left,4,Felix_night,4,2,False
Felix,7,left,night,Mer-Mer10_00131.JPG,88.jpg,Felix_left,4,Felix_night,4,2,False
Felix,7,left,night,IMG_0148.JPG,89.jpg,Felix_left,4,Felix_night,4,2,False
Felix,7,left,night,Mer-Mer09_00155.JPG,90.jpg,Felix_left,4,Felix_night,4,2,False
Felix,7,left,night,Mer-Mer13_00238.JPG,91.jpg,Felix_left,4,Felix_night,4,2,False
Felix,7,left,night,Mer-Mer10_00050.JPG,92.jpg,Felix_left,4,Felix_night,4,2,False
Felix,7,left,night,Mer-Mer04_00105.JPG,93.jpg,Felix_left,4,Felix_night,4,2,False
Felix,7,left,night,Mer-Mer13_00003.JPG,94.jpg,Felix_left,4,Felix_night,4,2,False
Felix,7,left,night,Mer-Mer18_00113.JPG,95.jpg,Felix_left,4,Felix_night,4,2,False
Felix,7,left,night,Mer-Mer09_00154.JPG,96.jpg,Felix_left,4,Felix_night,4,2,False
Felix,7,left,night,Mer-Mer04_00071.JPG,97.jpg,Felix_left,4,Felix_night,4,2,False
Felix,7,left,night,Mer-Mer04_00004.JPG,98.jpg,Felix_left,4,Felix_night,4,2,False
Felix,7,left,night,Mer-Mer04_00103.JPG,99.jpg,Felix_left,4,Felix_night,4,2,False
Felix,7,left,night,IMG_0046(2).jpg,100.jpg,Felix_left,4,Felix_night,4,2,False
Felix,7,left,night,Mer-Mer04_00072.JPG,101.jpg,Felix_left,4,Felix_night,4,2,False
Felix,7,left,night,Mer-Mer13_00002.JPG,102.jpg,Felix_left,4,Felix_night,4,2,False
Felix,7,left,night,Mer-Mer17_00175.JPG,103.jpg,Felix_left,4,Felix_night,4,2,False
Felix,7,left,night,Mer-Mer17_00181.JPG,104.jpg,Felix_left,4,Felix_night,4,2,False
Felix,7,left,night,Mer-Mer13_00239.JPG,105.jpg,Felix_left,4,Felix_night,4,2,False
Felix,7,left,night,IMG_0243(1).jpg,106.jpg,Felix_left,4,Felix_night,4,2,False
Felix,7,left,night,Mer-Mer12_00090.JPG,107.jpg,Felix_left,4,Felix_night,4,2,False
Felix,7,left,night,Mer-Mer04_00106.JPG,108.jpg,Felix_left,4,Felix_night,4,2,False
Felix,7,left,night,Mer-Mer04_00002.JPG,109.jpg,Felix_left,4,Felix_night,4,2,False
Felix,7,left,night,Mer-Mer13_00092.JPG,110.jpg,Felix_left,4,Felix_night,4,2,False
Felix,7,left,night,Mer-Mer04_00132(1).jpg,111.jpg,Felix_left,4,Felix_night,4,2,False
Felix,7,left,night,Mer-Mer13_00237.JPG,112.jpg,Felix_left,4,Felix_night,4,2,False
Felix,7,left,night,IMG_0301(1).jpg,113.jpg,Felix_left,4,Felix_night,4,2,False
Felix,7,left,night,Mer-Mer04_00102.JPG,114.jpg,Felix_left,4,Felix_night,4,2,False
Felix,7,left,night,Mer-Mer12_00091.JPG,115.jpg,Felix_left,4,Felix_night,4,2,False
Felix,7,left,night,Mer-Mer04_00003.JPG,116.jpg,Felix_left,4,Felix_night,4,2,False
Felix,7,left,night,Mer-Mer04_00104.JPG,117.jpg,Felix_left,4,Felix_night,4,2,False
Felix,7,left,night,Mer-Mer10_00021.JPG,118.jpg,Felix_left,4,Felix_night,4,2,False
Felix,7,left,night,Mer-Mer10_00161.JPG,119.jpg,Felix_left,4,Felix_night,4,2,False
Felix,7,left,night,Mer-Mer12_00093.JPG,120.jpg,Felix_left,4,Felix_night,4,2,False
Felix,7,left,night,Mer-Mer10_00049.JPG,121.jpg,Felix_left,4,Felix_night,4,2,False
Felix,7,left,night,Mer-Mer04_00107.JPG,122.jpg,Felix_left,4,Felix_night,4,2,False
Felix,7,left,night,Mer-Mer04_00133(1).jpg,123.jpg,Felix_left,4,Felix_night,4,2,False
Felix,7,left,night,Mer-Mer12_00089.JPG,124.jpg,Felix_left,4,Felix_night,4,2,False
Felix,8,right,night,Mer-Mer13_00350.JPG,125.jpg,Felix_right,5,Felix_night,4,2,False
Felix,8,right,night,Mer-Mer04_00062.JPG,126.jpg,Felix_right,5,Felix_night,4,2,False
Felix,8,right,night,Mer-Mer03_00327.JPG,127.jpg,Felix_right,5,Felix_night,4,2,False
Felix,8,right,night,Mer-Mer04_00063.JPG,128.jpg,Felix_right,5,Felix_night,4,2,False
Felix,8,right,night,Mer-Mer13_00349.JPG,129.jpg,Felix_right,5,Felix_night,4,2,False
Felix,8,right,night,IMG_0087(1).jpg,130.jpg,Felix_right,5,Felix_night,4,2,False
Felix,8,right,night,Mer-Mer03_00328.JPG,131.jpg,Felix_right,5,Felix_night,4,2,False
Felix,8,right,night,Mer-Mer03_00369.JPG,132.jpg,Felix_right,5,Felix_night,4,2,False
Felix,8,right,night,Mer-Mer04_00403.JPG,133.jpg,Felix_right,5,Felix_night,4,2,False
Felix,8,right,night,Mer-Mer19_00062.JPG,134.jpg,Felix_right,5,Felix_night,4,2,False
Felix,8,right,night,IMG_0064(1).jpg,135.jpg,Felix_right,5,Felix_night,4,2,False
Felix,8,right,night,Mer-Mer19_00091.JPG,136.jpg,Felix_right,5,Felix_night,4,2,False
Felix,8,right,night,IMG_0042(2).jpg,137.jpg,Felix_right,5,Felix_night,4,2,False
Felix,8,right,night,IMG_0205.JPG,138.jpg,Felix_right,5,Felix_night,4,2,False
Felix,8,right,night,IMG_0041(2).jpg,139.jpg,Felix_right,5,Felix_night,4,2,False
Felix,8,right,night,Mer-Mer04_00064.JPG,140.jpg,Felix_right,5,Felix_night,4,2,False
Felix,8,right,night,Mer-Mer03_00062(1).jpg,141.jpg,Felix_right,5,Felix_night,4,2,False
Felix,8,right,night,Mer-Mer03_00063(1).jpg,142.jpg,Felix_right,5,Felix_night,4,2,False
Felix,8,right,night,IMG_0043(2).jpg,143.jpg,Felix_right,5,Felix_night,4,2,False
Felix,8,right,night,Mer-Mer03_00329.JPG,144.jpg,Felix_right,5,Felix_night,4,2,False
Felix,8,right,night,Mer-Mer04_00246.JPG,145.jpg,Felix_right,5,Felix_night,4,2,False
Felix,8,right,night,IMG_0086(1).jpg,146.jpg,Felix_right,5,Felix_night,4,2,False
Felix,8,right,night,Mer-Mer04_00245.JPG,147.jpg,Felix_right,5,Felix_night,4,2,False
Felix,8,right,night,Mer-Mer04_00243.JPG,148.jpg,Felix_right,5,Felix_night,4,2,False
Felix,9,left,day,Mer-Mer17_00526.JPG,149.jpg,Felix_left,4,Felix_day,5,2,False
Felix,9,left,day,Mer-Mer17_00525.JPG,150.jpg,Felix_left,4,Felix_day,5,2,False
Felix,9,left,day,Mer-Mer17_00527.JPG,151.jpg,Felix_left,4,Felix_day,5,2,False
Felix,9,left,day,Mer-Mer17_00523.JPG,152.jpg,Felix_left,4,Felix_day,5,2,False
Felix,9,left,day,Mer-Mer17_00524.JPG,153.jpg,Felix_left,4,Felix_day,5,2,False
Felix,10,right,day,Mer-Mer04_00305.JPG,154.jpg,Felix_right,5,Felix_day,5,2,False
Felix,10,right,day,Mer-Mer04_00307.JPG,155.jpg,Felix_right,5,Felix_day,5,2,False
Felix,10,right,day,Mer-Mer04_00308.JPG,156.jpg,Felix_right,5,Felix_day,5,2,False
Felix,10,right,day,Mer-Mer04_00303.JPG,157.jpg,Felix_right,5,Felix_day,5,2,False
Felix,10,right,day,Mer-Mer04_00302.JPG,158.jpg,Felix_right,5,Felix_day,5,2,False
Felix,10,right,day,Mer-Mer04_00304.JPG,159.jpg,Felix_right,5,Felix_day,5,2,False
Felix,10,right,day,Mer-Mer04_00306.JPG,160.jpg,Felix_right,5,Felix_day,5,2,False
Ginger,11,left,night,Mer-Mer44_00012(2).jpg,161.jpg,Ginger_left,6,Ginger_night,6,3,False
Ginger,11,left,night,Mer-Mer40_00153.JPG,162.jpg,Ginger_left,6,Ginger_night,6,3,False
Ginger,11,left,night,Mer-Mer46_00052.JPG,163.jpg,Ginger_left,6,Ginger_night,6,3,False
Ginger,11,left,night,Mer-Mer40_00155.JPG,164.jpg,Ginger_left,6,Ginger_night,6,3,False
Ginger,11,left,night,Mer-Mer44_00015(1).jpg,165.jpg,Ginger_left,6,Ginger_night,6,3,False
Ginger,11,left,night,Mer-Mer40_00042.JPG,166.jpg,Ginger_left,6,Ginger_night,6,3,False
Ginger,11,left,night,Mer-Mer44_00013(1).jpg,167.jpg,Ginger_left,6,Ginger_night,6,3,False
Ginger,11,left,night,Mer-Mer44_00020.JPG,168.jpg,Ginger_left,6,Ginger_night,6,3,False
Ginger,11,left,night,Mer-Mer44_00017.JPG,169.jpg,Ginger_left,6,Ginger_night,6,3,False
Ginger,11,left,night,Mer-Mer44_00018.JPG,170.jpg,Ginger_left,6,Ginger_night,6,3,False
Ginger,11,left,night,Mer-Mer44_00016.JPG,171.jpg,Ginger_left,6,Ginger_night,6,3,False
Ginger,11,left,night,Mer-Mer41_00061.JPG,172.jpg,Ginger_left,6,Ginger_night,6,3,False
Ginger,11,left,night,Mer-Mer40_00152.JPG,173.jpg,Ginger_left,6,Ginger_night,6,3,False
Ginger,11,left,night,Mer-Mer44_00019.JPG,174.jpg,Ginger_left,6,Ginger_night,6,3,False
Ginger,11,left,night,Mer-Mer44_00014(1).jpg,175.jpg,Ginger_left,6,Ginger_night,6,3,False
Ginger,11,left,night,Mer-Mer40_00154.JPG,176.jpg,Ginger_left,6,Ginger_night,6,3,False
Ginger,11,left,night,Mer-Mer40_00041.JPG,177.jpg,Ginger_left,6,Ginger_night,6,3,False
Ginger,12,right,night,Mer-Mer44_00029.JPG,178.jpg,Ginger_right,7,Ginger_night,6,3,False
Ginger,12,right,night,Mer-Mer41_00251.JPG,179.jpg,Ginger_right,7,Ginger_night,6,3,False
Ginger,12,right,night,Mer-Mer41_00049.JPG,180.jpg,Ginger_right,7,Ginger_night,6,3,False
Ginger,12,right,night,Mer-Mer44_00026.JPG,181.jpg,Ginger_right,7,Ginger_night,6,3,False
Ginger,12,right,night,Mer-Mer42_00505.JPG,182.jpg,Ginger_right,7,Ginger_night,6,3,False
Ginger,12,right,night,Mer-Mer41_00253.JPG,183.jpg,Ginger_right,7,Ginger_night,6,3,False
Ginger,12,right,night,Mer-Mer41_00252.JPG,184.jpg,Ginger_right,7,Ginger_night,6,3,False
Ginger,12,right,night,Mer-Mer44_00027.JPG,185.jpg,Ginger_right,7,Ginger_night,6,3,False
Ginger,12,right,night,Mer-Mer41_00046.JPG,186.jpg,Ginger_right,7,Ginger_night,6,3,False
Ginger,12,right,night,Mer-Mer41_00048.JPG,187.jpg,Ginger_right,7,Ginger_night,6,3,False
Ginger,12,right,night,Mer-Mer41_00041.JPG,188.jpg,Ginger_right,7,Ginger_night,6,3,False
Ginger,12,right,night,Mer-Mer41_00045.JPG,189.jpg,Ginger_right,7,Ginger_night,6,3,False
Ginger,12,right,night,Mer-Mer44_00025.JPG,190.jpg,Ginger_right,7,Ginger_night,6,3,False
Ginger,12,right,night,Mer-Mer41_00044.JPG,191.jpg,Ginger_right,7,Ginger_night,6,3,False
Ginger,13,left,day,Mer-Mer49_00281(2).jpg,192.jpg,Ginger_left,6,Ginger_day,7,3,False
Ginger,13,left,day,Mer-Mer41_01431.JPG,193.jpg,Ginger_left,6,Ginger_day,7,3,False
Ginger,13,left,day,Mer-Mer41_01121.JPG,194.jpg,Ginger_left,6,Ginger_day,7,3,False
Ginger,13,left,day,Mer-Mer49_00531.JPG,195.jpg,Ginger_left,6,Ginger_day,7,3,False
Ginger,13,left,day,Mer-Mer41_01241.JPG,196.jpg,Ginger_left,6,Ginger_day,7,3,False
Ginger,13,left,day,Mer-Mer41_01122.JPG,197.jpg,Ginger_left,6,Ginger_day,7,3,False
Ginger,13,left,day,Mer-Mer49_00532.JPG,198.jpg,Ginger_left,6,Ginger_day,7,3,False
Ginger,13,left,day,Mer-Mer46_00132(1).jpg,199.jpg,Ginger_left,6,Ginger_day,7,3,False
Ginger,13,left,day,Mer-Mer41_01111.JPG,200.jpg,Ginger_left,6,Ginger_day,7,3,False
Ginger,13,left,day,Mer-Mer41_00084.JPG,201.jpg,Ginger_left,6,Ginger_day,7,3,False
Ginger,13,left,day,Mer-Mer44_00103(1).jpg,202.jpg,Ginger_left,6,Ginger_day,7,3,False
Ginger,13,left,day,Mer-Mer44_00102(1).jpg,203.jpg,Ginger_left,6,Ginger_day,7,3,False
Ginger,13,left,day,Mer-Mer41_00082.JPG,204.jpg,Ginger_left,6,Ginger_day,7,3,False
Ginger,13,left,day,Mer-Mer46_00131(1).jpg,205.jpg,Ginger_left,6,Ginger_day,7,3,False
Ginger,13,left,day,Mer-Mer41_01123.JPG,206.jpg,Ginger_left,6,Ginger_day,7,3,False
Ginger,13,left,day,Mer-Mer40_00373.JPG,207.jpg,Ginger_left,6,Ginger_day,7,3,False
Ginger,13,left,day,Mer-Mer46_00133(1).jpg,208.jpg,Ginger_left,6,Ginger_day,7,3,False
Ginger,13,left,day,Mer-Mer40_00371.JPG,209.jpg,Ginger_left,6,Ginger_day,7,3,False
Ginger,13,left,day,Mer-Mer41_00083.JPG,210.jpg,Ginger_left,6,Ginger_day,7,3,False
Ginger,13,left,day,Mer-Mer41_01432.JPG,211.jpg,Ginger_left,6,Ginger_day,7,3,False
Ginger,13,left,day,Mer-Mer41_01291.JPG,212.jpg,Ginger_left,6,Ginger_day,7,3,False
Ginger,13,left,day,Mer-Mer41_00223.JPG,213.jpg,Ginger_left,6,Ginger_day,7,3,False
Ginger,13,left,day,Mer-Mer40_00372.JPG,214.jpg,Ginger_left,6,Ginger_day,7,3,False
Ginger,13,left,day,Mer-Mer41_00241.JPG,215.jpg,Ginger_left,6,Ginger_day,7,3,False
Ginger,13,left,day,Mer-Mer41_00081.JPG,216.jpg,Ginger_left,6,Ginger_day,7,3,False
Ginger,13,left,day,Mer-Mer40_02941.JPG,217.jpg,Ginger_left,6,Ginger_day,7,3,False
Ginger,14,right,day,Mer-Mer41_00182.JPG,218.jpg,Ginger_right,7,Ginger_day,7,3,False
Ginger,14,right,day,Mer-Mer40_00183.JPG,219.jpg,Ginger_right,7,Ginger_day,7,3,False
Ginger,14,right,day,Mer-Mer40_00185.JPG,220.jpg,Ginger_right,7,Ginger_day,7,3,False
Ginger,14,right,day,Mer-Mer40_00161.JPG,221.jpg,Ginger_right,7,Ginger_day,7,3,False
Ginger,14,right,day,Mer-Mer41_01171.JPG,222.jpg,Ginger_right,7,Ginger_day,7,3,False
Ginger,14,right,day,Mer-Mer44_00092.JPG,223.jpg,Ginger_right,7,Ginger_day,7,3,False
Ginger,14,right,day,Mer-Mer41_01231.JPG,224.jpg,Ginger_right,7,Ginger_day,7,3,False
Ginger,14,right,day,Mer-Mer39_00421.JPG,225.jpg,Ginger_right,7,Ginger_day,7,3,False
Ginger,14,right,day,Mer-Mer41_01172.JPG,226.jpg,Ginger_right,7,Ginger_day,7,3,False
Ginger,14,right,day,Mer-Mer40_00186.JPG,227.jpg,Ginger_right,7,Ginger_day,7,3,False
Ginger,14,right,day,Mer-Mer39_00422.JPG,228.jpg,Ginger_right,7,Ginger_day,7,3,False
Ginger,14,right,day,Mer-Mer40_00182.JPG,229.jpg,Ginger_right,7,Ginger_day,7,3,False
Ginger,14,right,day,Mer-Mer41_00983.JPG,230.jpg,Ginger_right,7,Ginger_day,7,3,False
Ginger,14,right,day,Mer-Mer41_00181.JPG,231.jpg,Ginger_right,7,Ginger_day,7,3,False
Ginger,14,right,day,Mer-Mer41_01173.JPG,232.jpg,Ginger_right,7,Ginger_day,7,3,False
Ginger,14,right,day,Mer-Mer44_00091.JPG,233.jpg,Ginger_right,7,Ginger_day,7,3,False
Ginger,14,right,day,Mer-Mer40_00184.JPG,234.jpg,Ginger_right,7,Ginger_day,7,3,False
LM05,15,left,night,Por-Por36_00375.JPG,235.jpg,LM05_left,8,LM05_night,8,4,False
LM05,15,left,night,Por-Por36_00379.JPG,236.jpg,LM05_left,8,LM05_night,8,4,False
LM05,15,left,night,Por-Por22_00008.JPG,237.jpg,LM05_left,8,LM05_night,8,4,False
LM05,15,left,night,Por-Por22_00062.JPG,238.jpg,LM05_left,8,LM05_night,8,4,False
LM05,15,left,night,Por-Por22_00022.JPG,239.jpg,LM05_left,8,LM05_night,8,4,False
LM05,15,left,night,Por-Por22_00003.JPG,240.jpg,LM05_left,8,LM05_night,8,4,False
LM05,15,left,night,Por-Por15_00243(1).jpg,241.jpg,LM05_left,8,LM05_night,8,4,False
LM05,15,left,night,Por-Por36_00378.JPG,242.jpg,LM05_left,8,LM05_night,8,4,False
LM05,15,left,night,Por-Por22_00023.JPG,243.jpg,LM05_left,8,LM05_night,8,4,False
LM05,15,left,night,Por-Por22_00233.JPG,244.jpg,LM05_left,8,LM05_night,8,4,False
LM05,15,left,night,Por-Por22_00232.JPG,245.jpg,LM05_left,8,LM05_night,8,4,False
LM05,15,left,night,Por-Por22_00024.JPG,246.jpg,LM05_left,8,LM05_night,8,4,False
LM05,15,left,night,Por-Por22_00021.JPG,247.jpg,LM05_left,8,LM05_night,8,4,False
LM05,15,left,night,Por-Por22_00061.JPG,248.jpg,LM05_left,8,LM05_night,8,4,False
LM05,15,left,night,Por-Por15_00242(1).jpg,249.jpg,LM05_left,8,LM05_night,8,4,False
LM05,15,left,night,Por-Por36_00377.JPG,250.jpg,LM05_left,8,LM05_night,8,4,False
LM05,15,left,night,Por-Por22_00234.JPG,251.jpg,LM05_left,8,LM05_night,8,4,False
LM05,15,left,night,Por-Por36_00376.JPG,252.jpg,LM05_left,8,LM05_night,8,4,False
LM05,15,left,night,Por-Por22_00231.JPG,253.jpg,LM05_left,8,LM05_night,8,4,False
LM05,15,left,night,Por-Por22_00212.JPG,254.jpg,LM05_left,8,LM05_night,8,4,False
LM05,15,left,night,Por-Por22_00013.JPG,255.jpg,LM05_left,8,LM05_night,8,4,False
LM05,15,left,night,Por-Por22_00063.JPG,256.jpg,LM05_left,8,LM05_night,8,4,False
LM05,15,left,night,Por-Por22_00002.JPG,257.jpg,LM05_left,8,LM05_night,8,4,False
LM05,15,left,night,Por-Por22_00141.JPG,258.jpg,LM05_left,8,LM05_night,8,4,False
LM05,15,left,night,Por-Por22_00004.JPG,259.jpg,LM05_left,8,LM05_night,8,4,False
LM05,15,left,night,Por-Por22_00007.JPG,260.jpg,LM05_left,8,LM05_night,8,4,False
LM05,15,left,night,Por-Por22_00261.JPG,261.jpg,LM05_left,8,LM05_night,8,4,False
LM05,15,left,night,Por-Por22_00011.JPG,262.jpg,LM05_left,8,LM05_night,8,4,False
LM05,15,left,night,Por-Por22_00009.JPG,263.jpg,LM05_left,8,LM05_night,8,4,False
LM05,15,left,night,Por-Por22_00011(1).jpg,264.jpg,LM05_left,8,LM05_night,8,4,False
LM05,15,left,night,Por-Por36_00380.JPG,265.jpg,LM05_left,8,LM05_night,8,4,False
LM05,16,right,night,Por-Por22_00016.JPG,266.jpg,LM05_right,9,LM05_night,8,4,False
LM05,16,right,night,Por-Por17_00052.JPG,267.jpg,LM05_right,9,LM05_night,8,4,False
LM05,16,right,night,Por-Por23_00201.JPG,268.jpg,LM05_right,9,LM05_night,8,4,False
LM05,16,right,night,Por-Por22_00231(1).jpg,269.jpg,LM05_right,9,LM05_night,8,4,False
LM05,16,right,night,Por-Por22_00017.JPG,270.jpg,LM05_right,9,LM05_night,8,4,False
LM05,16,right,night,Por-Por17_00051.JPG,271.jpg,LM05_right,9,LM05_night,8,4,False
LM05,16,right,night,Por-Por22_00018.JPG,272.jpg,LM05_right,9,LM05_night,8,4,False
LM05,17,left,day,Por-Por15_00112.JPG,273.jpg,LM05_left,8,LM05_day,9,4,False
LM05,17,left,day,Por-Por22_00231(2).jpg,274.jpg,LM05_left,8,LM05_day,9,4,False
LM05,17,left,day,Por-Por15_00111.JPG,275.jpg,LM05_left,8,LM05_day,9,4,False
LM05,17,left,day,Por-Por15_00113.JPG,276.jpg,LM05_left,8,LM05_day,9,4,False
LM05,17,left,day,Por-Por22_00082.JPG,277.jpg,LM05_left,8,LM05_day,9,4,False
LM05,17,left,day,Por-Por22_00083.JPG,278.jpg,LM05_left,8,LM05_day,9,4,False
LM05,18,right,day,Por-Por22_00031.JPG,279.jpg,LM05_right,9,LM05_day,9,4,False
LM05,18,right,day,Por-Por22_00032.JPG,280.jpg,LM05_right,9,LM05_day,9,4,False
Mer09,21,left,night,Mer-Mer37_00124.JPG,411.jpg,Mer09_left,12,Mer09_night,11,6,False
Mer09,21,left,night,Mer-Mer46_00022(1).jpg,412.jpg,Mer09_left,12,Mer09_night,11,6,False
Mer09,21,left,night,Mer-Mer36_00024(1).jpg,413.jpg,Mer09_left,12,Mer09_night,11,6,False
Mer09,21,left,night,Mer-Mer40_01254.JPG,414.jpg,Mer09_left,12,Mer09_night,11,6,False
Mer09,21,left,night,Mer-Mer36_00026.JPG,415.jpg,Mer09_left,12,Mer09_night,11,6,False
Mer09,21,left,night,Mer-Mer37_00121(1).jpg,416.jpg,Mer09_left,12,Mer09_night,11,6,False
Mer09,21,left,night,Mer-Mer38_00112.JPG,417.jpg,Mer09_left,12,Mer09_night,11,6,False
Mer09,21,left,night,Mer-Mer36_00464.JPG,418.jpg,Mer09_left,12,Mer09_night,11,6,False
Mer09,21,left,night,Mer-Mer41_00101.JPG,419.jpg,Mer09_left,12,Mer09_night,11,6,False
Mer09,21,left,night,Mer-Mer38_00031(2).jpg,420.jpg,Mer09_left,12,Mer09_night,11,6,False
Mer09,21,left,night,Mer-Mer38_00393.JPG,421.jpg,Mer09_left,12,Mer09_night,11,6,False
Mer09,21,left,night,Mer-Mer41_00102.JPG,422.jpg,Mer09_left,12,Mer09_night,11,6,False
Mer09,21,left,night,Mer-Mer39_00789.JPG,423.jpg,Mer09_left,12,Mer09_night,11,6,False
Mer09,21,left,night,Mer-Mer36_00343.JPG,424.jpg,Mer09_left,12,Mer09_night,11,6,False
Mer09,21,left,night,Mer-Mer37_00122.JPG,425.jpg,Mer09_left,12,Mer09_night,11,6,False
Mer09,21,left,night,Mer-Mer41_01362.JPG,426.jpg,Mer09_left,12,Mer09_night,11,6,False
Mer09,21,left,night,Mer-Mer36_00463.JPG,427.jpg,Mer09_left,12,Mer09_night,11,6,False
Mer09,21,left,night,Mer-Mer39_00788.JPG,428.jpg,Mer09_left,12,Mer09_night,11,6,False
Mer09,21,left,night,Mer-Mer41_01363.JPG,429.jpg,Mer09_left,12,Mer09_night,11,6,False
Mer09,21,left,night,Mer-Mer39_00786.JPG,430.jpg,Mer09_left,12,Mer09_night,11,6,False
Mer09,21,left,night,Mer-Mer38_00221.JPG,431.jpg,Mer09_left,12,Mer09_night,11,6,False
Mer09,21,left,night,Mer-Mer40_01252.JPG,432.jpg,Mer09_left,12,Mer09_night,11,6,False
Mer09,21,left,night,Mer-Mer37_00123.JPG,433.jpg,Mer09_left,12,Mer09_night,11,6,False
Mer09,21,left,night,Mer-Mer36_00341.JPG,434.jpg,Mer09_left,12,Mer09_night,11,6,False
Mer09,21,left,night,Mer-Mer38_00321.JPG,435.jpg,Mer09_left,12,Mer09_night,11,6,False
Mer09,21,left,night,Mer-Mer36_00021(1).jpg,436.jpg,Mer09_left,12,Mer09_night,11,6,False
Mer09,21,left,night,Mer-Mer36_00462.JPG,437.jpg,Mer09_left,12,Mer09_night,11,6,False
Mer09,21,left,night,Mer-Mer36_00465.JPG,438.jpg,Mer09_left,12,Mer09_night,11,6,False
Mer09,21,left,night,Mer-Mer38_00111.JPG,439.jpg,Mer09_left,12,Mer09_night,11,6,False
Mer09,21,left,night,Mer-Mer36_00363.JPG,440.jpg,Mer09_left,12,Mer09_night,11,6,False
Mer09,21,left,night,Mer-Mer40_00002.JPG,441.jpg,Mer09_left,12,Mer09_night,11,6,False
Mer09,21,left,night,Mer-Mer40_00074.JPG,442.jpg,Mer09_left,12,Mer09_night,11,6,False
Mer09,21,left,night,Mer-Mer39_00787.JPG,443.jpg,Mer09_left,12,Mer09_night,11,6,False
Mer09,21,left,night,Mer-Mer38_00032(2).jpg,444.jpg,Mer09_left,12,Mer09_night,11,6,False
Mer09,21,left,night,Mer-Mer40_00075.JPG,445.jpg,Mer09_left,12,Mer09_night,11,6,False
Mer09,21,left,night,Mer-Mer38_00071.JPG,446.jpg,Mer09_left,12,Mer09_night,11,6,False
Mer09,21,left,night,Mer-Mer40_00003.JPG,447.jpg,Mer09_left,12,Mer09_night,11,6,False
Mer09,21,left,night,Mer-Mer40_01253.JPG,448.jpg,Mer09_left,12,Mer09_night,11,6,False
Mer09,21,left,night,Mer-Mer36_00022(1).jpg,449.jpg,Mer09_left,12,Mer09_night,11,6,False
Mer09,21,left,night,Mer-Mer39_00790.JPG,450.jpg,Mer09_left,12,Mer09_night,11,6,False
Mer09,21,left,night,Mer-Mer38_00392.JPG,451.jpg,Mer09_left,12,Mer09_night,11,6,False
Mer09,21,left,night,Mer-Mer38_00481.JPG,452.jpg,Mer09_left,12,Mer09_night,11,6,False
Mer09,21,left,night,Mer-Mer39_00792.JPG,453.jpg,Mer09_left,12,Mer09_night,11,6,False
Mer09,21,left,night,Mer-Mer36_00361.JPG,454.jpg,Mer09_left,12,Mer09_night,11,6,False
Mer09,21,left,night,Mer-Mer36_00362.JPG,455.jpg,Mer09_left,12,Mer09_night,11,6,False
Mer09,21,left,night,Mer-Mer39_00793.JPG,456.jpg,Mer09_left,12,Mer09_night,11,6,False
Mer09,21,left,night,Mer-Mer40_00004.JPG,457.jpg,Mer09_left,12,Mer09_night,11,6,False
Mer09,21,left,night,Mer-Mer38_00111(1).jpg,458.jpg,Mer09_left,12,Mer09_night,11,6,False
Mer09,21,left,night,Mer-Mer38_00391.JPG,459.jpg,Mer09_left,12,Mer09_night,11,6,False
Mer09,21,left,night,Mer-Mer38_00322.JPG,460.jpg,Mer09_left,12,Mer09_night,11,6,False
Mer09,21,left,night,Mer-Mer39_00548.JPG,461.jpg,Mer09_left,12,Mer09_night,11,6,False
Mer09,21,left,night,Mer-Mer36_00342.JPG,462.jpg,Mer09_left,12,Mer09_night,11,6,False
Mer09,21,left,night,Mer-Mer40_00073.JPG,463.jpg,Mer09_left,12,Mer09_night,11,6,False
Mer09,21,left,night,Mer-Mer36_00364.JPG,464.jpg,Mer09_left,12,Mer09_night,11,6,False
Mer09,21,left,night,Mer-Mer38_00113.JPG,465.jpg,Mer09_left,12,Mer09_night,11,6,False
Mer09,21,left,night,Mer-Mer39_00791.JPG,466.jpg,Mer09_left,12,Mer09_night,11,6,False
Mer09,21,left,night,Mer-Mer41_01361.JPG,467.jpg,Mer09_left,12,Mer09_night,11,6,False
Mer09,21,left,night,Mer-Mer38_00482.JPG,468.jpg,Mer09_left,12,Mer09_night,11,6,False
Mer09,21,left,night,Mer-Mer36_00025.JPG,469.jpg,Mer09_left,12,Mer09_night,11,6,False
Mer09,21,left,night,Mer-Mer38_00062(1).jpg,470.jpg,Mer09_left,12,Mer09_night,11,6,False
Mer09,21,left,night,Mer-Mer41_01364.JPG,471.jpg,Mer09_left,12,Mer09_night,11,6,False
Mer09,21,left,night,Mer-Mer36_00028.JPG,472.jpg,Mer09_left,12,Mer09_night,11,6,False
Mer09,21,left,night,Mer-Mer39_00794.JPG,473.jpg,Mer09_left,12,Mer09_night,11,6,False
Mer09,21,left,night,Mer-Mer36_00027.JPG,474.jpg,Mer09_left,12,Mer09_night,11,6,False
Mer09,21,left,night,Mer-Mer38_00483.JPG,475.jpg,Mer09_left,12,Mer09_night,11,6,False
Mer09,22,right,night,Mer-Mer36_00333.JPG,476.jpg,Mer09_right,13,Mer09_night,11,6,False
Mer09,22,right,night,Mer-Mer36_00282.JPG,477.jpg,Mer09_right,13,Mer09_night,11,6,False
Mer09,22,right,night,Mer-Mer38_00240.JPG,478.jpg,Mer09_right,13,Mer09_night,11,6,False
Mer09,22,right,night,Mer-Mer38_00044.JPG,479.jpg,Mer09_right,13,Mer09_night,11,6,False
Mer09,22,right,night,IMG_0021(1).jpg,480.jpg,Mer09_right,13,Mer09_night,11,6,False
Mer09,22,right,night,IMG_0023.JPG,481.jpg,Mer09_right,13,Mer09_night,11,6,False
Mer09,22,right,night,Mer-Mer46_00183(1).jpg,482.jpg,Mer09_right,13,Mer09_night,11,6,False
Mer09,22,right,night,Mer-Mer39_01549.JPG,483.jpg,Mer09_right,13,Mer09_night,11,6,False
Mer09,22,right,night,Mer-Mer38_00236.JPG,484.jpg,Mer09_right,13,Mer09_night,11,6,False
Mer09,22,right,night,Mer-Mer46_00013.JPG,485.jpg,Mer09_right,13,Mer09_night,11,6,False
Mer09,22,right,night,Mer-Mer38_00323(1).jpg,486.jpg,Mer09_right,13,Mer09_night,11,6,False
Mer09,22,right,night,Mer-Mer38_00216.JPG,487.jpg,Mer09_right,13,Mer09_night,11,6,False
Mer09,22,right,night,Mer-Mer38_00143.JPG,488.jpg,Mer09_right,13,Mer09_night,11,6,False
Mer09,22,right,night,Mer-Mer39_00538.JPG,489.jpg,Mer09_right,13,Mer09_night,11,6,False
Mer09,22,right,night,Mer-Mer39_00478.JPG,490.jpg,Mer09_right,13,Mer09_night,11,6,False
Mer09,22,right,night,Mer-Mer38_00043(1).jpg,491.jpg,Mer09_right,13,Mer09_night,11,6,False
Mer09,22,right,night,Mer-Mer39_01548.JPG,492.jpg,Mer09_right,13,Mer09_night,11,6,False
Mer09,22,right,night,IMG_0032.JPG,493.jpg,Mer09_right,13,Mer09_night,11,6,False
Mer09,22,right,night,Mer-Mer38_00233.JPG,494.jpg,Mer09_right,13,Mer09_night,11,6,False
Mer09,22,right,night,Mer-Mer38_00239.JPG,495.jpg,Mer09_right,13,Mer09_night,11,6,False
Mer09,22,right,night,Mer-Mer38_00041.JPG,496.jpg,Mer09_right,13,Mer09_night,11,6,False
Mer09,22,right,night,Mer-Mer39_00079.JPG,497.jpg,Mer09_right,13,Mer09_night,11,6,False
Mer09,22,right,night,Mer-Mer38_00237.JPG,498.jpg,Mer09_right,13,Mer09_night,11,6,False
Mer09,22,right,night,Mer-Mer41_00381.JPG,499.jpg,Mer09_right,13,Mer09_night,11,6,False
Mer09,22,right,night,Mer-Mer38_00232.JPG,500.jpg,Mer09_right,13,Mer09_night,11,6,False
Mer09,22,right,night,Mer-Mer38_00343.JPG,501.jpg,Mer09_right,13,Mer09_night,11,6,False
Mer09,22,right,night,Mer-Mer36_00434.JPG,502.jpg,Mer09_right,13,Mer09_night,11,6,False
Mer09,22,right,night,Mer-Mer36_00221.JPG,503.jpg,Mer09_right,13,Mer09_night,11,6,False
Mer09,22,right,night,Mer-Mer38_00212.JPG,504.jpg,Mer09_right,13,Mer09_night,11,6,False
Mer09,22,right,night,Mer-Mer36_00432.JPG,505.jpg,Mer09_right,13,Mer09_night,11,6,False
Mer09,22,right,night,IMG_0027.JPG,506.jpg,Mer09_right,13,Mer09_night,11,6,False
Mer09,22,right,night,Mer-Mer38_00144.JPG,507.jpg,Mer09_right,13,Mer09_night,11,6,False
Mer09,22,right,night,Mer-Mer39_00468.JPG,508.jpg,Mer09_right,13,Mer09_night,11,6,False
Mer09,22,right,night,Mer-Mer39_00467.JPG,509.jpg,Mer09_right,13,Mer09_night,11,6,False
Mer09,22,right,night,Mer-Mer38_00234.JPG,510.jpg,Mer09_right,13,Mer09_night,11,6,False
Mer09,22,right,night,Mer-Mer36_00283.JPG,511.jpg,Mer09_right,13,Mer09_night,11,6,False
Mer09,22,right,night,Mer-Mer38_00145.JPG,512.jpg,Mer09_right,13,Mer09_night,11,6,False
Mer09,22,right,night,IMG_0031.JPG,513.jpg,Mer09_right,13,Mer09_night,11,6,False
Mer09,22,right,night,Mer-Mer38_00332.JPG,514.jpg,Mer09_right,13,Mer09_night,11,6,False
Mer09,22,right,night,Mer-Mer41_01144.JPG,515.jpg,Mer09_right,13,Mer09_night,11,6,False
Mer09,22,right,night,Mer-Mer39_00401.JPG,516.jpg,Mer09_right,13,Mer09_night,11,6,False
Mer09,22,right,night,Mer-Mer38_00146.JPG,517.jpg,Mer09_right,13,Mer09_night,11,6,False
Mer09,22,right,night,Mer-Mer41_01141.JPG,518.jpg,Mer09_right,13,Mer09_night,11,6,False
Mer09,22,right,night,Mer-Mer39_00539.JPG,519.jpg,Mer09_right,13,Mer09_night,11,6,False
Mer09,22,right,night,Mer-Mer36_00431.JPG,520.jpg,Mer09_right,13,Mer09_night,11,6,False
Mer09,22,right,night,Mer-Mer46_00182(1).jpg,521.jpg,Mer09_right,13,Mer09_night,11,6,False
Mer09,22,right,night,IMG_0026.JPG,522.jpg,Mer09_right,13,Mer09_night,11,6,False
Mer09,22,right,night,Mer-Mer46_00015.JPG,523.jpg,Mer09_right,13,Mer09_night,11,6,False
Mer09,22,right,night,Mer-Mer38_00142.JPG,524.jpg,Mer09_right,13,Mer09_night,11,6,False
Mer09,22,right,night,Mer-Mer38_00147.JPG,525.jpg,Mer09_right,13,Mer09_night,11,6,False
Mer09,22,right,night,IMG_0001.JPG,526.jpg,Mer09_right,13,Mer09_night,11,6,False
Mer09,22,right,night,Mer-Mer41_01142.JPG,527.jpg,Mer09_right,13,Mer09_night,11,6,False
Mer09,22,right,night,Mer-Mer36_00332.JPG,528.jpg,Mer09_right,13,Mer09_night,11,6,False
Mer09,22,right,night,Mer-Mer39_00466.JPG,529.jpg,Mer09_right,13,Mer09_night,11,6,False
Mer09,22,right,night,Mer-Mer39_00589.JPG,530.jpg,Mer09_right,13,Mer09_night,11,6,False
Mer09,22,right,night,Mer-Mer41_00091.JPG,531.jpg,Mer09_right,13,Mer09_night,11,6,False
Mer09,22,right,night,Mer-Mer38_00342.JPG,532.jpg,Mer09_right,13,Mer09_night,11,6,False
Mer09,22,right,night,Mer-Mer36_00222.JPG,533.jpg,Mer09_right,13,Mer09_night,11,6,False
Mer09,22,right,night,Mer-Mer46_00014.JPG,534.jpg,Mer09_right,13,Mer09_night,11,6,False
Mer09,22,right,night,Mer-Mer39_00477.JPG,535.jpg,Mer09_right,13,Mer09_night,11,6,False
Mer09,22,right,night,Mer-Mer41_01143.JPG,536.jpg,Mer09_right,13,Mer09_night,11,6,False
Mer09,22,right,night,Mer-Mer38_00215.JPG,537.jpg,Mer09_right,13,Mer09_night,11,6,False
Mer09,22,right,night,IMG_0022(1).jpg,538.jpg,Mer09_right,13,Mer09_night,11,6,False
Mer09,22,right,night,Mer-Mer38_00042(1).jpg,539.jpg,Mer09_right,13,Mer09_night,11,6,False
Mer09,22,right,night,Mer-Mer38_00214.JPG,540.jpg,Mer09_right,13,Mer09_night,11,6,False
Mer09,22,right,night,Mer-Mer41_00002.JPG,541.jpg,Mer09_right,13,Mer09_night,11,6,False
Mer09,22,right,night,IMG_0163(2).jpg,542.jpg,Mer09_right,13,Mer09_night,11,6,False
Mer09,22,right,night,Mer-Mer46_00184.JPG,543.jpg,Mer09_right,13,Mer09_night,11,6,False
Mer09,22,right,night,IMG_0024.JPG,544.jpg,Mer09_right,13,Mer09_night,11,6,False
Mer09,22,right,night,Mer-Mer36_00435.JPG,545.jpg,Mer09_right,13,Mer09_night,11,6,False
Mer09,22,right,night,Mer-Mer39_00080.JPG,546.jpg,Mer09_right,13,Mer09_night,11,6,False
Mer09,22,right,night,Mer-Mer38_00102.JPG,547.jpg,Mer09_right,13,Mer09_night,11,6,False
Mer09,22,right,night,IMG_0025.JPG,548.jpg,Mer09_right,13,Mer09_night,11,6,False
Mer09,22,right,night,IMG_0161(2).jpg,549.jpg,Mer09_right,13,Mer09_night,11,6,False
Mer09,22,right,night,Mer-Mer38_00213.JPG,550.jpg,Mer09_right,13,Mer09_night,11,6,False
Mer09,22,right,night,Mer-Mer41_01145.JPG,551.jpg,Mer09_right,13,Mer09_night,11,6,False
Mer09,22,right,night,Mer-Mer36_00433.JPG,552.jpg,Mer09_right,13,Mer09_night,11,6,False
Mer09,22,right,night,Mer-Mer38_00217.JPG,553.jpg,Mer09_right,13,Mer09_night,11,6,False
Mer09,22,right,night,Mer-Mer38_00331.JPG,554.jpg,Mer09_right,13,Mer09_night,11,6,False
Mer09,22,right,night,Mer-Mer38_00238.JPG,555.jpg,Mer09_right,13,Mer09_night,11,6,False
Mer09,22,right,night,Mer-Mer38_00235.JPG,556.jpg,Mer09_right,13,Mer09_night,11,6,False
Mer09,22,right,night,Mer-Mer38_00041(1).jpg,557.jpg,Mer09_right,13,Mer09_night,11,6,False
Mer09,22,right,night,IMG_0162(1).jpg,558.jpg,Mer09_right,13,Mer09_night,11,6,False
Mer09,22,right,night,Mer-Mer39_00078.JPG,559.jpg,Mer09_right,13,Mer09_night,11,6,False
Mer09,23,left,day,Mer-Mer37_00112.JPG,560.jpg,Mer09_left,12,Mer09_day,12,6,False
Mer09,23,left,day,Mer-Mer41_01161.JPG,561.jpg,Mer09_left,12,Mer09_day,12,6,False
Mer09,23,left,day,Mer-Mer37_00021(2).jpg,562.jpg,Mer09_left,12,Mer09_day,12,6,False
Mer09,23,left,day,Mer-Mer41_01531.JPG,563.jpg,Mer09_left,12,Mer09_day,12,6,False
Mer09,23,left,day,Mer-Mer37_00022.JPG,564.jpg,Mer09_left,12,Mer09_day,12,6,False
Mer09,23,left,day,Mer-Mer41_01162.JPG,565.jpg,Mer09_left,12,Mer09_day,12,6,False
Mer09,23,left,day,Mer-Mer39_00112(1).jpg,566.jpg,Mer09_left,12,Mer09_day,12,6,False
Mer09,23,left,day,Mer-Mer40_00214.JPG,567.jpg,Mer09_left,12,Mer09_day,12,6,False
Mer09,23,left,day,Mer-Mer41_01163.JPG,568.jpg,Mer09_left,12,Mer09_day,12,6,False
Mer09,24,right,day,Mer-Mer46_00013(1).jpg,569.jpg,Mer09_right,13,Mer09_day,12,6,False
Mer09,24,right,day,Mer-Mer46_00012(1).jpg,570.jpg,Mer09_right,13,Mer09_day,12,6,False
Mer09,24,right,day,Mer-Mer38_00173.JPG,571.jpg,Mer09_right,13,Mer09_day,12,6,False
Mer09,24,right,day,Mer-Mer38_00402.JPG,572.jpg,Mer09_right,13,Mer09_day,12,6,False
Mer09,24,right,day,Mer-Mer46_00011(2).jpg,573.jpg,Mer09_right,13,Mer09_day,12,6,False
Mer09,24,right,day,Mer-Mer46_00274.JPG,574.jpg,Mer09_right,13,Mer09_day,12,6,False
Mer09,24,right,day,Mer-Mer46_00273.JPG,575.jpg,Mer09_right,13,Mer09_day,12,6,False
Mer09,24,right,day,Mer-Mer38_00401.JPG,576.jpg,Mer09_right,13,Mer09_day,12,6,False
Mer09,24,right,day,Mer-Mer38_00403.JPG,577.jpg,Mer09_right,13,Mer09_day,12,6,False
Mer09,24,right,day,Mer-Mer46_00014(1).jpg,578.jpg,Mer09_right,13,Mer09_day,12,6,False
Mer09,24,right,day,Mer-Mer46_00271(3).jpg,579.jpg,Mer09_right,13,Mer09_day,12,6,False
Mer09,24,right,day,Mer-Mer46_00272(1).jpg,580.jpg,Mer09_right,13,Mer09_day,12,6,False
Mer09,24,right,day,Mer-Mer38_00171.JPG,581.jpg,Mer09_right,13,Mer09_day,12,6,False
Mer09,24,right,day,Mer-Mer38_00172.JPG,582.jpg,Mer09_right,13,Mer09_day,12,6,False
Mer09,24,right,day,Mer-Mer46_00275.JPG,583.jpg,Mer09_right,13,Mer09_day,12,6,False
Target,29,left,night,Mer-Mer13_00381.JPG,722.jpg,Target_left,18,Target_night,15,9,False
Target,29,left,night,Mer-Mer13_00383.JPG,723.jpg,Target_left,18,Target_night,15,9,False
Target,29,left,night,Mer-Mer13_00382.JPG,724.jpg,Target_left,18,Target_night,15,9,False
Target,29,left,night,Mer-Mer14_00181(1).jpg,725.jpg,Target_left,18,Target_night,15,9,False
Target,29,left,night,Mer-Mer13_00386.JPG,726.jpg,Target_left,18,Target_night,15,9,False
Target,29,left,night,Mer-Mer13_00384.JPG,727.jpg,Target_left,18,Target_night,15,9,False
Target,29,left,night,Mer-Mer15_00432.JPG,728.jpg,Target_left,18,Target_night,15,9,False
Target,29,left,night,Mer-Mer13_00385.JPG,729.jpg,Target_left,18,Target_night,15,9,False
Target,29,left,night,Mer-Mer15_00433.JPG,730.jpg,Target_left,18,Target_night,15,9,False
Target,29,left,night,Mer-Mer04_00351.JPG,731.jpg,Target_left,18,Target_night,15,9,False
Target,30,right,night,Mer-Mer09_00088.JPG,732.jpg,Target_right,19,Target_night,15,9,False
Target,30,right,night,Mer-Mer16_00141.JPG,733.jpg,Target_right,19,Target_night,15,9,False
Target,30,right,night,Mer-Mer09_00091.JPG,734.jpg,Target_right,19,Target_night,15,9,False
Target,30,right,night,Mer-Mer09_00092.JPG,735.jpg,Target_right,19,Target_night,15,9,False
Target,30,right,night,Mer-Mer15_00442.JPG,736.jpg,Target_right,19,Target_night,15,9,False
Target,30,right,night,Mer-Mer18_00544.JPG,737.jpg,Target_right,19,Target_night,15,9,False
Target,30,right,night,Mer-Mer09_00089.JPG,738.jpg,Target_right,19,Target_night,15,9,False
Target,30,right,night,Mer-Mer16_00283.JPG,739.jpg,Target_right,19,Target_night,15,9,False
Target,30,right,night,Mer-Mer16_00142.JPG,740.jpg,Target_right,19,Target_night,15,9,False
Target,30,right,night,Mer-Mer16_00281.JPG,741.jpg,Target_right,19,Target_night,15,9,False
Target,30,right,night,Mer-Mer16_00145.JPG,742.jpg,Target_right,19,Target_night,15,9,False
Target,30,right,night,Mer-Mer16_00284.JPG,743.jpg,Target_right,19,Target_night,15,9,False
Target,30,right,night,Mer-Mer18_00542.JPG,744.jpg,Target_right,19,Target_night,15,9,False
Target,30,right,night,Mer-Mer09_00090.JPG,745.jpg,Target_right,19,Target_night,15,9,False
Target,30,right,night,Mer-Mer18_00545.JPG,746.jpg,Target_right,19,Target_night,15,9,False
Target,30,right,night,Mer-Mer15_00443.JPG,747.jpg,Target_right,19,Target_night,15,9,False
Target,30,right,night,Mer-Mer16_00282.JPG,748.jpg,Target_right,19,Target_night,15,9,False
Target,30,right,night,Mer-Mer16_00144.JPG,749.jpg,Target_right,19,Target_night,15,9,False
Target,30,right,night,Mer-Mer16_00143.JPG,750.jpg,Target_right,19,Target_night,15,9,False
Target,30,right,night,Mer-Mer16_00285.JPG,751.jpg,Target_right,19,Target_night,15,9,False
Circles,31,left,night,Por-Por37_00681.JPG,0.jpg,Circles_left,0,Circles_night,0,0,True
Circles,31,left,night,Por-Por31_00382.JPG,1.jpg,Circles_left,0,Circles_night,0,0,True
Circles,31,left,night,Por-Por29_00067.JPG,2.jpg,Circles_left,0,Circles_night,0,0,True
Circles,31,left,night,Por-Por29_00077.JPG,3.jpg,Circles_left,0,Circles_night,0,0,True
Circles,31,left,night,Por-Por29_00066.JPG,4.jpg,Circles_left,0,Circles_night,0,0,True
Circles,31,left,night,Por-Por35_00462.JPG,5.jpg,Circles_left,0,Circles_night,0,0,True
Circles,31,left,night,Por-Por29_00078.JPG,6.jpg,Circles_left,0,Circles_night,0,0,True
Circles,31,left,night,Por-Por33_00332.JPG,7.jpg,Circles_left,0,Circles_night,0,0,True
Circles,31,left,night,Por-Por33_00331.JPG,8.jpg,Circles_left,0,Circles_night,0,0,True
Circles,31,left,night,Por-Por37_00682.JPG,9.jpg,Circles_left,0,Circles_night,0,0,True
Circles,31,left,night,Por-Por29_00065.JPG,10.jpg,Circles_left,0,Circles_night,0,0,True
Circles,31,left,night,Por-Por29_00062.JPG,11.jpg,Circles_left,0,Circles_night,0,0,True
Circles,31,left,night,Por-Por29_00064.JPG,12.jpg,Circles_left,0,Circles_night,0,0,True
Circles,31,left,night,Por-Por31_00381.JPG,13.jpg,Circles_left,0,Circles_night,0,0,True
Circles,32,right,night,Por-Por31_00903.JPG,14.jpg,Circles_right,1,Circles_night,0,0,True
Circles,32,right,night,Por-Por31_00061(1).jpg,15.jpg,Circles_right,1,Circles_night,0,0,True
Circles,32,right,night,Por-Por33_00161.JPG,16.jpg,Circles_right,1,Circles_night,0,0,True
Circles,32,right,night,Por-Por31_00902.JPG,17.jpg,Circles_right,1,Circles_night,0,0,True
Circles,32,right,night,Por-Por34_00322.JPG,18.jpg,Circles_right,1,Circles_night,0,0,True
Circles,32,right,night,Por-Por28_01352.JPG,19.jpg,Circles_right,1,Circles_night,0,0,True
Circles,32,right,night,Por-Por33_00151.JPG,20.jpg,Circles_right,1,Circles_night,0,0,True
Circles,33,left,day,Por-Por34_00313.JPG,21.jpg,Circles_left,0,Circles_day,1,0,True
Circles,33,left,day,Por-Por34_00311.JPG,22.jpg,Circles_left,0,Circles_day,1,0,True
Circles,33,left,day,Por-Por34_00312.JPG,23.jpg,Circles_left,0,Circles_day,1,0,True
Circles,33,left,day,Por-Por34_00314.JPG,24.jpg,Circles_left,0,Circles_day,1,0,True
Felix,38,left,night,Mer-Mer17_00174.JPG,85.jpg,Felix_left,4,Felix_night,4,2,True
Felix,38,left,night,Mer-Mer01_00001.JPG,86.jpg,Felix_left,4,Felix_night,4,2,True
Felix,38,left,night,Mer-Mer12_00092.JPG,87.jpg,Felix_left,4,Felix_night,4,2,True
Felix,38,left,night,Mer-Mer10_00131.JPG,88.jpg,Felix_left,4,Felix_night,4,2,True
Felix,38,left,night,IMG_0148.JPG,89.jpg,Felix_left,4,Felix_night,4,2,True
Felix,38,left,night,Mer-Mer09_00155.JPG,90.jpg,Felix_left,4,Felix_night,4,2,True
Felix,38,left,night,Mer-Mer13_00238.JPG,91.jpg,Felix_left,4,Felix_night,4,2,True
Felix,38,left,night,Mer-Mer10_00050.JPG,92.jpg,Felix_left,4,Felix_night,4,2,True
Felix,38,left,night,Mer-Mer04_00105.JPG,93.jpg,Felix_left,4,Felix_night,4,2,True
Felix,38,left,night,Mer-Mer13_00003.JPG,94.jpg,Felix_left,4,Felix_night,4,2,True
Felix,38,left,night,Mer-Mer18_00113.JPG,95.jpg,Felix_left,4,Felix_night,4,2,True
Felix,38,left,night,Mer-Mer09_00154.JPG,96.jpg,Felix_left,4,Felix_night,4,2,True
Felix,38,left,night,Mer-Mer04_00071.JPG,97.jpg,Felix_left,4,Felix_night,4,2,True
Felix,38,left,night,Mer-Mer04_00004.JPG,98.jpg,Felix_left,4,Felix_night,4,2,True
Felix,38,left,night,Mer-Mer04_00103.JPG,99.jpg,Felix_left,4,Felix_night,4,2,True
Felix,38,left,night,IMG_0046(2).jpg,100.jpg,Felix_left,4,Felix_night,4,2,True
Felix,38,left,night,Mer-Mer04_00072.JPG,101.jpg,Felix_left,4,Felix_night,4,2,True
Felix,38,left,night,Mer-Mer13_00002.JPG,102.jpg,Felix_left,4,Felix_night,4,2,True
Felix,38,left,night,Mer-Mer17_00175.JPG,103.jpg,Felix_left,4,Felix_night,4,2,True
Felix,38,left,night,Mer-Mer17_00181.JPG,104.jpg,Felix_left,4,Felix_night,4,2,True
Felix,38,left,night,Mer-Mer13_00239.JPG,105.jpg,Felix_left,4,Felix_night,4,2,True
Felix,38,left,night,IMG_0243(1).jpg,106.jpg,Felix_left,4,Felix_night,4,2,True
Felix,38,left,night,Mer-Mer12_00090.JPG,107.jpg,Felix_left,4,Felix_night,4,2,True
Felix,38,left,night,Mer-Mer04_00106.JPG,108.jpg,Felix_left,4,Felix_night,4,2,True
Felix,38,left,night,Mer-Mer04_00002.JPG,109.jpg,Felix_left,4,Felix_night,4,2,True
Felix,38,left,night,Mer-Mer13_00092.JPG,110.jpg,Felix_left,4,Felix_night,4,2,True
Felix,38,left,night,Mer-Mer04_00132(1).jpg,111.jpg,Felix_left,4,Felix_night,4,2,True
Felix,38,left,night,Mer-Mer13_00237.JPG,112.jpg,Felix_left,4,Felix_night,4,2,True
Felix,38,left,night,IMG_0301(1).jpg,113.jpg,Felix_left,4,Felix_night,4,2,True
Felix,38,left,night,Mer-Mer04_00102.JPG,114.jpg,Felix_left,4,Felix_night,4,2,True
Felix,38,left,night,Mer-Mer12_00091.JPG,115.jpg,Felix_left,4,Felix_night,4,2,True
Felix,38,left,night,Mer-Mer04_00003.JPG,116.jpg,Felix_left,4,Felix_night,4,2,True
Felix,38,left,night,Mer-Mer04_00104.JPG,117.jpg,Felix_left,4,Felix_night,4,2,True
Felix,38,left,night,Mer-Mer10_00021.JPG,118.jpg,Felix_left,4,Felix_night,4,2,True
Felix,38,left,night,Mer-Mer10_00161.JPG,119.jpg,Felix_left,4,Felix_night,4,2,True
Felix,38,left,night,Mer-Mer12_00093.JPG,120.jpg,Felix_left,4,Felix_night,4,2,True
Felix,38,left,night,Mer-Mer10_00049.JPG,121.jpg,Felix_left,4,Felix_night,4,2,True
Felix,38,left,night,Mer-Mer04_00107.JPG,122.jpg,Felix_left,4,Felix_night,4,2,True
Felix,38,left,night,Mer-Mer04_00133(1).jpg,123.jpg,Felix_left,4,Felix_night,4,2,True
Felix,38,left,night,Mer-Mer12_00089.JPG,124.jpg,Felix_left,4,Felix_night,4,2,True
Felix,39,right,night,Mer-Mer13_00350.JPG,125.jpg,Felix_right,5,Felix_night,4,2,True
Felix,39,right,night,Mer-Mer04_00062.JPG,126.jpg,Felix_right,5,Felix_night,4,2,True
Felix,39,right,night,Mer-Mer03_00327.JPG,127.jpg,Felix_right,5,Felix_night,4,2,True
Felix,39,right,night,Mer-Mer04_00063.JPG,128.jpg,Felix_right,5,Felix_night,4,2,True
Felix,39,right,night,Mer-Mer13_00349.JPG,129.jpg,Felix_right,5,Felix_night,4,2,True
Felix,39,right,night,IMG_0087(1).jpg,130.jpg,Felix_right,5,Felix_night,4,2,True
Felix,39,right,night,Mer-Mer03_00328.JPG,131.jpg,Felix_right,5,Felix_night,4,2,True
Felix,39,right,night,Mer-Mer03_00369.JPG,132.jpg,Felix_right,5,Felix_night,4,2,True
Felix,39,right,night,Mer-Mer04_00403.JPG,133.jpg,Felix_right,5,Felix_night,4,2,True
Felix,39,right,night,Mer-Mer19_00062.JPG,134.jpg,Felix_right,5,Felix_night,4,2,True
Felix,39,right,night,IMG_0064(1).jpg,135.jpg,Felix_right,5,Felix_night,4,2,True
Felix,39,right,night,Mer-Mer19_00091.JPG,136.jpg,Felix_right,5,Felix_night,4,2,True
Felix,39,right,night,IMG_0042(2).jpg,137.jpg,Felix_right,5,Felix_night,4,2,True
Felix,39,right,night,IMG_0205.JPG,138.jpg,Felix_right,5,Felix_night,4,2,True
Felix,39,right,night,IMG_0041(2).jpg,139.jpg,Felix_right,5,Felix_night,4,2,True
Felix,39,right,night,Mer-Mer04_00064.JPG,140.jpg,Felix_right,5,Felix_night,4,2,True
Felix,39,right,night,Mer-Mer03_00062(1).jpg,141.jpg,Felix_right,5,Felix_night,4,2,True
Felix,39,right,night,Mer-Mer03_00063(1).jpg,142.jpg,Felix_right,5,Felix_night,4,2,True
Felix,39,right,night,IMG_0043(2).jpg,143.jpg,Felix_right,5,Felix_night,4,2,True
Felix,39,right,night,Mer-Mer03_00329.JPG,144.jpg,Felix_right,5,Felix_night,4,2,True
Felix,39,right,night,Mer-Mer04_00246.JPG,145.jpg,Felix_right,5,Felix_night,4,2,True
Felix,39,right,night,IMG_0086(1).jpg,146.jpg,Felix_right,5,Felix_night,4,2,True
Felix,39,right,night,Mer-Mer04_00245.JPG,147.jpg,Felix_right,5,Felix_night,4,2,True
Felix,39,right,night,Mer-Mer04_00243.JPG,148.jpg,Felix_right,5,Felix_night,4,2,True
Felix,40,left,day,Mer-Mer17_00526.JPG,149.jpg,Felix_left,4,Felix_day,5,2,True
Felix,40,left,day,Mer-Mer17_00525.JPG,150.jpg,Felix_left,4,Felix_day,5,2,True
Felix,40,left,day,Mer-Mer17_00527.JPG,151.jpg,Felix_left,4,Felix_day,5,2,True
Felix,40,left,day,Mer-Mer17_00523.JPG,152.jpg,Felix_left,4,Felix_day,5,2,True
Felix,40,left,day,Mer-Mer17_00524.JPG,153.jpg,Felix_left,4,Felix_day,5,2,True
Felix,41,right,day,Mer-Mer04_00305.JPG,154.jpg,Felix_right,5,Felix_day,5,2,True
Felix,41,right,day,Mer-Mer04_00307.JPG,155.jpg,Felix_right,5,Felix_day,5,2,True
Felix,41,right,day,Mer-Mer04_00308.JPG,156.jpg,Felix_right,5,Felix_day,5,2,True
Felix,41,right,day,Mer-Mer04_00303.JPG,157.jpg,Felix_right,5,Felix_day,5,2,True
Felix,41,right,day,Mer-Mer04_00302.JPG,158.jpg,Felix_right,5,Felix_day,5,2,True
Felix,41,right,day,Mer-Mer04_00304.JPG,159.jpg,Felix_right,5,Felix_day,5,2,True
Felix,41,right,day,Mer-Mer04_00306.JPG,160.jpg,Felix_right,5,Felix_day,5,2,True
Ginger,42,left,night,Mer-Mer44_00012(2).jpg,161.jpg,Ginger_left,6,Ginger_night,6,3,True
Ginger,42,left,night,Mer-Mer40_00153.JPG,162.jpg,Ginger_left,6,Ginger_night,6,3,True
Ginger,42,left,night,Mer-Mer46_00052.JPG,163.jpg,Ginger_left,6,Ginger_night,6,3,True
Ginger,42,left,night,Mer-Mer40_00155.JPG,164.jpg,Ginger_left,6,Ginger_night,6,3,True
Ginger,42,left,night,Mer-Mer44_00015(1).jpg,165.jpg,Ginger_left,6,Ginger_night,6,3,True
Ginger,42,left,night,Mer-Mer40_00042.JPG,166.jpg,Ginger_left,6,Ginger_night,6,3,True
Ginger,42,left,night,Mer-Mer44_00013(1).jpg,167.jpg,Ginger_left,6,Ginger_night,6,3,True
Ginger,42,left,night,Mer-Mer44_00020.JPG,168.jpg,Ginger_left,6,Ginger_night,6,3,True
Ginger,42,left,night,Mer-Mer44_00017.JPG,169.jpg,Ginger_left,6,Ginger_night,6,3,True
Ginger,42,left,night,Mer-Mer44_00018.JPG,170.jpg,Ginger_left,6,Ginger_night,6,3,True
Ginger,42,left,night,Mer-Mer44_00016.JPG,171.jpg,Ginger_left,6,Ginger_night,6,3,True
Ginger,42,left,night,Mer-Mer41_00061.JPG,172.jpg,Ginger_left,6,Ginger_night,6,3,True
Ginger,42,left,night,Mer-Mer40_00152.JPG,173.jpg,Ginger_left,6,Ginger_night,6,3,True
Ginger,42,left,night,Mer-Mer44_00019.JPG,174.jpg,Ginger_left,6,Ginger_night,6,3,True
Ginger,42,left,night,Mer-Mer44_00014(1).jpg,175.jpg,Ginger_left,6,Ginger_night,6,3,True
Ginger,42,left,night,Mer-Mer40_00154.JPG,176.jpg,Ginger_left,6,Ginger_night,6,3,True
Ginger,42,left,night,Mer-Mer40_00041.JPG,177.jpg,Ginger_left,6,Ginger_night,6,3,True
Ginger,43,right,night,Mer-Mer44_00029.JPG,178.jpg,Ginger_right,7,Ginger_night,6,3,True
Ginger,43,right,night,Mer-Mer41_00251.JPG,179.jpg,Ginger_right,7,Ginger_night,6,3,True
Ginger,43,right,night,Mer-Mer41_00049.JPG,180.jpg,Ginger_right,7,Ginger_night,6,3,True
Ginger,43,right,night,Mer-Mer44_00026.JPG,181.jpg,Ginger_right,7,Ginger_night,6,3,True
Ginger,43,right,night,Mer-Mer42_00505.JPG,182.jpg,Ginger_right,7,Ginger_night,6,3,True
Ginger,43,right,night,Mer-Mer41_00253.JPG,183.jpg,Ginger_right,7,Ginger_night,6,3,True
Ginger,43,right,night,Mer-Mer41_00252.JPG,184.jpg,Ginger_right,7,Ginger_night,6,3,True
Ginger,43,right,night,Mer-Mer44_00027.JPG,185.jpg,Ginger_right,7,Ginger_night,6,3,True
Ginger,43,right,night,Mer-Mer41_00046.JPG,186.jpg,Ginger_right,7,Ginger_night,6,3,True
Ginger,43,right,night,Mer-Mer41_00048.JPG,187.jpg,Ginger_right,7,Ginger_night,6,3,True
Ginger,43,right,night,Mer-Mer41_00041.JPG,188.jpg,Ginger_right,7,Ginger_night,6,3,True
Ginger,43,right,night,Mer-Mer41_00045.JPG,189.jpg,Ginger_right,7,Ginger_night,6,3,True
Ginger,43,right,night,Mer-Mer44_00025.JPG,190.jpg,Ginger_right,7,Ginger_night,6,3,True
Ginger,43,right,night,Mer-Mer41_00044.JPG,191.jpg,Ginger_right,7,Ginger_night,6,3,True
Ginger,44,left,day,Mer-Mer49_00281(2).jpg,192.jpg,Ginger_left,6,Ginger_day,7,3,True
Ginger,44,left,day,Mer-Mer41_01431.JPG,193.jpg,Ginger_left,6,Ginger_day,7,3,True
Ginger,44,left,day,Mer-Mer41_01121.JPG,194.jpg,Ginger_left,6,Ginger_day,7,3,True
Ginger,44,left,day,Mer-Mer49_00531.JPG,195.jpg,Ginger_left,6,Ginger_day,7,3,True
Ginger,44,left,day,Mer-Mer41_01241.JPG,196.jpg,Ginger_left,6,Ginger_day,7,3,True
Ginger,44,left,day,Mer-Mer41_01122.JPG,197.jpg,Ginger_left,6,Ginger_day,7,3,True
Ginger,44,left,day,Mer-Mer49_00532.JPG,198.jpg,Ginger_left,6,Ginger_day,7,3,True
Ginger,44,left,day,Mer-Mer46_00132(1).jpg,199.jpg,Ginger_left,6,Ginger_day,7,3,True
Ginger,44,left,day,Mer-Mer41_01111.JPG,200.jpg,Ginger_left,6,Ginger_day,7,3,True
Ginger,44,left,day,Mer-Mer41_00084.JPG,201.jpg,Ginger_left,6,Ginger_day,7,3,True
Ginger,44,left,day,Mer-Mer44_00103(1).jpg,202.jpg,Ginger_left,6,Ginger_day,7,3,True
Ginger,44,left,day,Mer-Mer44_00102(1).jpg,203.jpg,Ginger_left,6,Ginger_day,7,3,True
Ginger,44,left,day,Mer-Mer41_00082.JPG,204.jpg,Ginger_left,6,Ginger_day,7,3,True
Ginger,44,left,day,Mer-Mer46_00131(1).jpg,205.jpg,Ginger_left,6,Ginger_day,7,3,True
Ginger,44,left,day,Mer-Mer41_01123.JPG,206.jpg,Ginger_left,6,Ginger_day,7,3,True
Ginger,44,left,day,Mer-Mer40_00373.JPG,207.jpg,Ginger_left,6,Ginger_day,7,3,True
Ginger,44,left,day,Mer-Mer46_00133(1).jpg,208.jpg,Ginger_left,6,Ginger_day,7,3,True
Ginger,44,left,day,Mer-Mer40_00371.JPG,209.jpg,Ginger_left,6,Ginger_day,7,3,True
Ginger,44,left,day,Mer-Mer41_00083.JPG,210.jpg,Ginger_left,6,Ginger_day,7,3,True
Ginger,44,left,day,Mer-Mer41_01432.JPG,211.jpg,Ginger_left,6,Ginger_day,7,3,True
Ginger,44,left,day,Mer-Mer41_01291.JPG,212.jpg,Ginger_left,6,Ginger_day,7,3,True
Ginger,44,left,day,Mer-Mer41_00223.JPG,213.jpg,Ginger_left,6,Ginger_day,7,3,True
Ginger,44,left,day,Mer-Mer40_00372.JPG,214.jpg,Ginger_left,6,Ginger_day,7,3,True
Ginger,44,left,day,Mer-Mer41_00241.JPG,215.jpg,Ginger_left,6,Ginger_day,7,3,True
Ginger,44,left,day,Mer-Mer41_00081.JPG,216.jpg,Ginger_left,6,Ginger_day,7,3,True
Ginger,44,left,day,Mer-Mer40_02941.JPG,217.jpg,Ginger_left,6,Ginger_day,7,3,True
Ginger,45,right,day,Mer-Mer41_00182.JPG,218.jpg,Ginger_right,7,Ginger_day,7,3,True
Ginger,45,right,day,Mer-Mer40_00183.JPG,219.jpg,Ginger_right,7,Ginger_day,7,3,True
Ginger,45,right,day,Mer-Mer40_00185.JPG,220.jpg,Ginger_right,7,Ginger_day,7,3,True
Ginger,45,right,day,Mer-Mer40_00161.JPG,221.jpg,Ginger_right,7,Ginger_day,7,3,True
Ginger,45,right,day,Mer-Mer41_01171.JPG,222.jpg,Ginger_right,7,Ginger_day,7,3,True
Ginger,45,right,day,Mer-Mer44_00092.JPG,223.jpg,Ginger_right,7,Ginger_day,7,3,True
Ginger,45,right,day,Mer-Mer41_01231.JPG,224.jpg,Ginger_right,7,Ginger_day,7,3,True
Ginger,45,right,day,Mer-Mer39_00421.JPG,225.jpg,Ginger_right,7,Ginger_day,7,3,True
Ginger,45,right,day,Mer-Mer41_01172.JPG,226.jpg,Ginger_right,7,Ginger_day,7,3,True
Ginger,45,right,day,Mer-Mer40_00186.JPG,227.jpg,Ginger_right,7,Ginger_day,7,3,True
Ginger,45,right,day,Mer-Mer39_00422.JPG,228.jpg,Ginger_right,7,Ginger_day,7,3,True
Ginger,45,right,day,Mer-Mer40_00182.JPG,229.jpg,Ginger_right,7,Ginger_day,7,3,True
Ginger,45,right,day,Mer-Mer41_00983.JPG,230.jpg,Ginger_right,7,Ginger_day,7,3,True
Ginger,45,right,day,Mer-Mer41_00181.JPG,231.jpg,Ginger_right,7,Ginger_day,7,3,True
Ginger,45,right,day,Mer-Mer41_01173.JPG,232.jpg,Ginger_right,7,Ginger_day,7,3,True
Ginger,45,right,day,Mer-Mer44_00091.JPG,233.jpg,Ginger_right,7,Ginger_day,7,3,True
Ginger,45,right,day,Mer-Mer40_00184.JPG,234.jpg,Ginger_right,7,Ginger_day,7,3,True
LM05,46,left,night,Por-Por36_00375.JPG,235.jpg,LM05_left,8,LM05_night,8,4,True
LM05,46,left,night,Por-Por36_00379.JPG,236.jpg,LM05_left,8,LM05_night,8,4,True
LM05,46,left,night,Por-Por22_00008.JPG,237.jpg,LM05_left,8,LM05_night,8,4,True
LM05,46,left,night,Por-Por22_00062.JPG,238.jpg,LM05_left,8,LM05_night,8,4,True
LM05,46,left,night,Por-Por22_00022.JPG,239.jpg,LM05_left,8,LM05_night,8,4,True
LM05,46,left,night,Por-Por22_00003.JPG,240.jpg,LM05_left,8,LM05_night,8,4,True
LM05,46,left,night,Por-Por15_00243(1).jpg,241.jpg,LM05_left,8,LM05_night,8,4,True
LM05,46,left,night,Por-Por36_00378.JPG,242.jpg,LM05_left,8,LM05_night,8,4,True
LM05,46,left,night,Por-Por22_00023.JPG,243.jpg,LM05_left,8,LM05_night,8,4,True
LM05,46,left,night,Por-Por22_00233.JPG,244.jpg,LM05_left,8,LM05_night,8,4,True
LM05,46,left,night,Por-Por22_00232.JPG,245.jpg,LM05_left,8,LM05_night,8,4,True
LM05,46,left,night,Por-Por22_00024.JPG,246.jpg,LM05_left,8,LM05_night,8,4,True
LM05,46,left,night,Por-Por22_00021.JPG,247.jpg,LM05_left,8,LM05_night,8,4,True
LM05,46,left,night,Por-Por22_00061.JPG,248.jpg,LM05_left,8,LM05_night,8,4,True
LM05,46,left,night,Por-Por15_00242(1).jpg,249.jpg,LM05_left,8,LM05_night,8,4,True
LM05,46,left,night,Por-Por36_00377.JPG,250.jpg,LM05_left,8,LM05_night,8,4,True
LM05,46,left,night,Por-Por22_00234.JPG,251.jpg,LM05_left,8,LM05_night,8,4,True
LM05,46,left,night,Por-Por36_00376.JPG,252.jpg,LM05_left,8,LM05_night,8,4,True
LM05,46,left,night,Por-Por22_00231.JPG,253.jpg,LM05_left,8,LM05_night,8,4,True
LM05,46,left,night,Por-Por22_00212.JPG,254.jpg,LM05_left,8,LM05_night,8,4,True
LM05,46,left,night,Por-Por22_00013.JPG,255.jpg,LM05_left,8,LM05_night,8,4,True
LM05,46,left,night,Por-Por22_00063.JPG,256.jpg,LM05_left,8,LM05_night,8,4,True
LM05,46,left,night,Por-Por22_00002.JPG,257.jpg,LM05_left,8,LM05_night,8,4,True
LM05,46,left,night,Por-Por22_00141.JPG,258.jpg,LM05_left,8,LM05_night,8,4,True
LM05,46,left,night,Por-Por22_00004.JPG,259.jpg,LM05_left,8,LM05_night,8,4,True
LM05,46,left,night,Por-Por22_00007.JPG,260.jpg,LM05_left,8,LM05_night,8,4,True
LM05,46,left,night,Por-Por22_00261.JPG,261.jpg,LM05_left,8,LM05_night,8,4,True
LM05,46,left,night,Por-Por22_00011.JPG,262.jpg,LM05_left,8,LM05_night,8,4,True
LM05,46,left,night,Por-Por22_00009.JPG,263.jpg,LM05_left,8,LM05_night,8,4,True
LM05,46,left,night,Por-Por22_00011(1).jpg,264.jpg,LM05_left,8,LM05_night,8,4,True
LM05,46,left,night,Por-Por36_00380.JPG,265.jpg,LM05_left,8,LM05_night,8,4,True
LM05,47,right,night,Por-Por22_00016.JPG,266.jpg,LM05_right,9,LM05_night,8,4,True
LM05,47,right,night,Por-Por17_00052.JPG,267.jpg,LM05_right,9,LM05_night,8,4,True
LM05,47,right,night,Por-Por23_00201.JPG,268.jpg,LM05_right,9,LM05_night,8,4,True
LM05,47,right,night,Por-Por22_00231(1).jpg,269.jpg,LM05_right,9,LM05_night,8,4,True
LM05,47,right,night,Por-Por22_00017.JPG,270.jpg,LM05_right,9,LM05_night,8,4,True
LM05,47,right,night,Por-Por17_00051.JPG,271.jpg,LM05_right,9,LM05_night,8,4,True
LM05,47,right,night,Por-Por22_00018.JPG,272.jpg,LM05_right,9,LM05_night,8,4,True
LM05,48,left,day,Por-Por15_00112.JPG,273.jpg,LM05_left,8,LM05_day,9,4,True
LM05,48,left,day,Por-Por22_00231(2).jpg,274.jpg,LM05_left,8,LM05_day,9,4,True
LM05,48,left,day,Por-Por15_00111.JPG,275.jpg,LM05_left,8,LM05_day,9,4,True
LM05,48,left,day,Por-Por15_00113.JPG,276.jpg,LM05_left,8,LM05_day,9,4,True
LM05,48,left,day,Por-Por22_00082.JPG,277.jpg,LM05_left,8,LM05_day,9,4,True
LM05,48,left,day,Por-Por22_00083.JPG,278.jpg,LM05_left,8,LM05_day,9,4,True
LM05,49,right,day,Por-Por22_00031.JPG,279.jpg,LM05_right,9,LM05_day,9,4,True
LM05,49,right,day,Por-Por22_00032.JPG,280.jpg,LM05_right,9,LM05_day,9,4,True
Mer09,52,left,night,Mer-Mer37_00124.JPG,411.jpg,Mer09_left,12,Mer09_night,11,6,True
Mer09,52,left,night,Mer-Mer46_00022(1).jpg,412.jpg,Mer09_left,12,Mer09_night,11,6,True
Mer09,52,left,night,Mer-Mer36_00024(1).jpg,413.jpg,Mer09_left,12,Mer09_night,11,6,True
Mer09,52,left,night,Mer-Mer40_01254.JPG,414.jpg,Mer09_left,12,Mer09_night,11,6,True
Mer09,52,left,night,Mer-Mer36_00026.JPG,415.jpg,Mer09_left,12,Mer09_night,11,6,True
Mer09,52,left,night,Mer-Mer37_00121(1).jpg,416.jpg,Mer09_left,12,Mer09_night,11,6,True
Mer09,52,left,night,Mer-Mer38_00112.JPG,417.jpg,Mer09_left,12,Mer09_night,11,6,True
Mer09,52,left,night,Mer-Mer36_00464.JPG,418.jpg,Mer09_left,12,Mer09_night,11,6,True
Mer09,52,left,night,Mer-Mer41_00101.JPG,419.jpg,Mer09_left,12,Mer09_night,11,6,True
Mer09,52,left,night,Mer-Mer38_00031(2).jpg,420.jpg,Mer09_left,12,Mer09_night,11,6,True
Mer09,52,left,night,Mer-Mer38_00393.JPG,421.jpg,Mer09_left,12,Mer09_night,11,6,True
Mer09,52,left,night,Mer-Mer41_00102.JPG,422.jpg,Mer09_left,12,Mer09_night,11,6,True
Mer09,52,left,night,Mer-Mer39_00789.JPG,423.jpg,Mer09_left,12,Mer09_night,11,6,True
Mer09,52,left,night,Mer-Mer36_00343.JPG,424.jpg,Mer09_left,12,Mer09_night,11,6,True
Mer09,52,left,night,Mer-Mer37_00122.JPG,425.jpg,Mer09_left,12,Mer09_night,11,6,True
Mer09,52,left,night,Mer-Mer41_01362.JPG,426.jpg,Mer09_left,12,Mer09_night,11,6,True
Mer09,52,left,night,Mer-Mer36_00463.JPG,427.jpg,Mer09_left,12,Mer09_night,11,6,True
Mer09,52,left,night,Mer-Mer39_00788.JPG,428.jpg,Mer09_left,12,Mer09_night,11,6,True
Mer09,52,left,night,Mer-Mer41_01363.JPG,429.jpg,Mer09_left,12,Mer09_night,11,6,True
Mer09,52,left,night,Mer-Mer39_00786.JPG,430.jpg,Mer09_left,12,Mer09_night,11,6,True
Mer09,52,left,night,Mer-Mer38_00221.JPG,431.jpg,Mer09_left,12,Mer09_night,11,6,True
Mer09,52,left,night,Mer-Mer40_01252.JPG,432.jpg,Mer09_left,12,Mer09_night,11,6,True
Mer09,52,left,night,Mer-Mer37_00123.JPG,433.jpg,Mer09_left,12,Mer09_night,11,6,True
Mer09,52,left,night,Mer-Mer36_00341.JPG,434.jpg,Mer09_left,12,Mer09_night,11,6,True
Mer09,52,left,night,Mer-Mer38_00321.JPG,435.jpg,Mer09_left,12,Mer09_night,11,6,True
Mer09,52,left,night,Mer-Mer36_00021(1).jpg,436.jpg,Mer09_left,12,Mer09_night,11,6,True
Mer09,52,left,night,Mer-Mer36_00462.JPG,437.jpg,Mer09_left,12,Mer09_night,11,6,True
Mer09,52,left,night,Mer-Mer36_00465.JPG,438.jpg,Mer09_left,12,Mer09_night,11,6,True
Mer09,52,left,night,Mer-Mer38_00111.JPG,439.jpg,Mer09_left,12,Mer09_night,11,6,True
Mer09,52,left,night,Mer-Mer36_00363.JPG,440.jpg,Mer09_left,12,Mer09_night,11,6,True
Mer09,52,left,night,Mer-Mer40_00002.JPG,441.jpg,Mer09_left,12,Mer09_night,11,6,True
Mer09,52,left,night,Mer-Mer40_00074.JPG,442.jpg,Mer09_left,12,Mer09_night,11,6,True
Mer09,52,left,night,Mer-Mer39_00787.JPG,443.jpg,Mer09_left,12,Mer09_night,11,6,True
Mer09,52,left,night,Mer-Mer38_00032(2).jpg,444.jpg,Mer09_left,12,Mer09_night,11,6,True
Mer09,52,left,night,Mer-Mer40_00075.JPG,445.jpg,Mer09_left,12,Mer09_night,11,6,True
Mer09,52,left,night,Mer-Mer38_00071.JPG,446.jpg,Mer09_left,12,Mer09_night,11,6,True
Mer09,52,left,night,Mer-Mer40_00003.JPG,447.jpg,Mer09_left,12,Mer09_night,11,6,True
Mer09,52,left,night,Mer-Mer40_01253.JPG,448.jpg,Mer09_left,12,Mer09_night,11,6,True
Mer09,52,left,night,Mer-Mer36_00022(1).jpg,449.jpg,Mer09_left,12,Mer09_night,11,6,True
Mer09,52,left,night,Mer-Mer39_00790.JPG,450.jpg,Mer09_left,12,Mer09_night,11,6,True
Mer09,52,left,night,Mer-Mer38_00392.JPG,451.jpg,Mer09_left,12,Mer09_night,11,6,True
Mer09,52,left,night,Mer-Mer38_00481.JPG,452.jpg,Mer09_left,12,Mer09_night,11,6,True
Mer09,52,left,night,Mer-Mer39_00792.JPG,453.jpg,Mer09_left,12,Mer09_night,11,6,True
Mer09,52,left,night,Mer-Mer36_00361.JPG,454.jpg,Mer09_left,12,Mer09_night,11,6,True
Mer09,52,left,night,Mer-Mer36_00362.JPG,455.jpg,Mer09_left,12,Mer09_night,11,6,True
Mer09,52,left,night,Mer-Mer39_00793.JPG,456.jpg,Mer09_left,12,Mer09_night,11,6,True
Mer09,52,left,night,Mer-Mer40_00004.JPG,457.jpg,Mer09_left,12,Mer09_night,11,6,True
Mer09,52,left,night,Mer-Mer38_00111(1).jpg,458.jpg,Mer09_left,12,Mer09_night,11,6,True
Mer09,52,left,night,Mer-Mer38_00391.JPG,459.jpg,Mer09_left,12,Mer09_night,11,6,True
Mer09,52,left,night,Mer-Mer38_00322.JPG,460.jpg,Mer09_left,12,Mer09_night,11,6,True
Mer09,52,left,night,Mer-Mer39_00548.JPG,461.jpg,Mer09_left,12,Mer09_night,11,6,True
Mer09,52,left,night,Mer-Mer36_00342.JPG,462.jpg,Mer09_left,12,Mer09_night,11,6,True
Mer09,52,left,night,Mer-Mer40_00073.JPG,463.jpg,Mer09_left,12,Mer09_night,11,6,True
Mer09,52,left,night,Mer-Mer36_00364.JPG,464.jpg,Mer09_left,12,Mer09_night,11,6,True
Mer09,52,left,night,Mer-Mer38_00113.JPG,465.jpg,Mer09_left,12,Mer09_night,11,6,True
Mer09,52,left,night,Mer-Mer39_00791.JPG,466.jpg,Mer09_left,12,Mer09_night,11,6,True
Mer09,52,left,night,Mer-Mer41_01361.JPG,467.jpg,Mer09_left,12,Mer09_night,11,6,True
Mer09,52,left,night,Mer-Mer38_00482.JPG,468.jpg,Mer09_left,12,Mer09_night,11,6,True
Mer09,52,left,night,Mer-Mer36_00025.JPG,469.jpg,Mer09_left,12,Mer09_night,11,6,True
Mer09,52,left,night,Mer-Mer38_00062(1).jpg,470.jpg,Mer09_left,12,Mer09_night,11,6,True
Mer09,52,left,night,Mer-Mer41_01364.JPG,471.jpg,Mer09_left,12,Mer09_night,11,6,True
Mer09,52,left,night,Mer-Mer36_00028.JPG,472.jpg,Mer09_left,12,Mer09_night,11,6,True
Mer09,52,left,night,Mer-Mer39_00794.JPG,473.jpg,Mer09_left,12,Mer09_night,11,6,True
Mer09,52,left,night,Mer-Mer36_00027.JPG,474.jpg,Mer09_left,12,Mer09_night,11,6,True
Mer09,52,left,night,Mer-Mer38_00483.JPG,475.jpg,Mer09_left,12,Mer09_night,11,6,True
Mer09,53,right,night,Mer-Mer36_00333.JPG,476.jpg,Mer09_right,13,Mer09_night,11,6,True
Mer09,53,right,night,Mer-Mer36_00282.JPG,477.jpg,Mer09_right,13,Mer09_night,11,6,True
Mer09,53,right,night,Mer-Mer38_00240.JPG,478.jpg,Mer09_right,13,Mer09_night,11,6,True
Mer09,53,right,night,Mer-Mer38_00044.JPG,479.jpg,Mer09_right,13,Mer09_night,11,6,True
Mer09,53,right,night,IMG_0021(1).jpg,480.jpg,Mer09_right,13,Mer09_night,11,6,True
Mer09,53,right,night,IMG_0023.JPG,481.jpg,Mer09_right,13,Mer09_night,11,6,True
Mer09,53,right,night,Mer-Mer46_00183(1).jpg,482.jpg,Mer09_right,13,Mer09_night,11,6,True
Mer09,53,right,night,Mer-Mer39_01549.JPG,483.jpg,Mer09_right,13,Mer09_night,11,6,True
Mer09,53,right,night,Mer-Mer38_00236.JPG,484.jpg,Mer09_right,13,Mer09_night,11,6,True
Mer09,53,right,night,Mer-Mer46_00013.JPG,485.jpg,Mer09_right,13,Mer09_night,11,6,True
Mer09,53,right,night,Mer-Mer38_00323(1).jpg,486.jpg,Mer09_right,13,Mer09_night,11,6,True
Mer09,53,right,night,Mer-Mer38_00216.JPG,487.jpg,Mer09_right,13,Mer09_night,11,6,True
Mer09,53,right,night,Mer-Mer38_00143.JPG,488.jpg,Mer09_right,13,Mer09_night,11,6,True
Mer09,53,right,night,Mer-Mer39_00538.JPG,489.jpg,Mer09_right,13,Mer09_night,11,6,True
Mer09,53,right,night,Mer-Mer39_00478.JPG,490.jpg,Mer09_right,13,Mer09_night,11,6,True
Mer09,53,right,night,Mer-Mer38_00043(1).jpg,491.jpg,Mer09_right,13,Mer09_night,11,6,True
Mer09,53,right,night,Mer-Mer39_01548.JPG,492.jpg,Mer09_right,13,Mer09_night,11,6,True
Mer09,53,right,night,IMG_0032.JPG,493.jpg,Mer09_right,13,Mer09_night,11,6,True
Mer09,53,right,night,Mer-Mer38_00233.JPG,494.jpg,Mer09_right,13,Mer09_night,11,6,True
Mer09,53,right,night,Mer-Mer38_00239.JPG,495.jpg,Mer09_right,13,Mer09_night,11,6,True
Mer09,53,right,night,Mer-Mer38_00041.JPG,496.jpg,Mer09_right,13,Mer09_night,11,6,True
Mer09,53,right,night,Mer-Mer39_00079.JPG,497.jpg,Mer09_right,13,Mer09_night,11,6,True
Mer09,53,right,night,Mer-Mer38_00237.JPG,498.jpg,Mer09_right,13,Mer09_night,11,6,True
Mer09,53,right,night,Mer-Mer41_00381.JPG,499.jpg,Mer09_right,13,Mer09_night,11,6,True
Mer09,53,right,night,Mer-Mer38_00232.JPG,500.jpg,Mer09_right,13,Mer09_night,11,6,True
Mer09,53,right,night,Mer-Mer38_00343.JPG,501.jpg,Mer09_right,13,Mer09_night,11,6,True
Mer09,53,right,night,Mer-Mer36_00434.JPG,502.jpg,Mer09_right,13,Mer09_night,11,6,True
Mer09,53,right,night,Mer-Mer36_00221.JPG,503.jpg,Mer09_right,13,Mer09_night,11,6,True
Mer09,53,right,night,Mer-Mer38_00212.JPG,504.jpg,Mer09_right,13,Mer09_night,11,6,True
Mer09,53,right,night,Mer-Mer36_00432.JPG,505.jpg,Mer09_right,13,Mer09_night,11,6,True
Mer09,53,right,night,IMG_0027.JPG,506.jpg,Mer09_right,13,Mer09_night,11,6,True
Mer09,53,right,night,Mer-Mer38_00144.JPG,507.jpg,Mer09_right,13,Mer09_night,11,6,True
Mer09,53,right,night,Mer-Mer39_00468.JPG,508.jpg,Mer09_right,13,Mer09_night,11,6,True
Mer09,53,right,night,Mer-Mer39_00467.JPG,509.jpg,Mer09_right,13,Mer09_night,11,6,True
Mer09,53,right,night,Mer-Mer38_00234.JPG,510.jpg,Mer09_right,13,Mer09_night,11,6,True
Mer09,53,right,night,Mer-Mer36_00283.JPG,511.jpg,Mer09_right,13,Mer09_night,11,6,True
Mer09,53,right,night,Mer-Mer38_00145.JPG,512.jpg,Mer09_right,13,Mer09_night,11,6,True
Mer09,53,right,night,IMG_0031.JPG,513.jpg,Mer09_right,13,Mer09_night,11,6,True
Mer09,53,right,night,Mer-Mer38_00332.JPG,514.jpg,Mer09_right,13,Mer09_night,11,6,True
Mer09,53,right,night,Mer-Mer41_01144.JPG,515.jpg,Mer09_right,13,Mer09_night,11,6,True
Mer09,53,right,night,Mer-Mer39_00401.JPG,516.jpg,Mer09_right,13,Mer09_night,11,6,True
Mer09,53,right,night,Mer-Mer38_00146.JPG,517.jpg,Mer09_right,13,Mer09_night,11,6,True
Mer09,53,right,night,Mer-Mer41_01141.JPG,518.jpg,Mer09_right,13,Mer09_night,11,6,True
Mer09,53,right,night,Mer-Mer39_00539.JPG,519.jpg,Mer09_right,13,Mer09_night,11,6,True
Mer09,53,right,night,Mer-Mer36_00431.JPG,520.jpg,Mer09_right,13,Mer09_night,11,6,True
Mer09,53,right,night,Mer-Mer46_00182(1).jpg,521.jpg,Mer09_right,13,Mer09_night,11,6,True
Mer09,53,right,night,IMG_0026.JPG,522.jpg,Mer09_right,13,Mer09_night,11,6,True
Mer09,53,right,night,Mer-Mer46_00015.JPG,523.jpg,Mer09_right,13,Mer09_night,11,6,True
Mer09,53,right,night,Mer-Mer38_00142.JPG,524.jpg,Mer09_right,13,Mer09_night,11,6,True
Mer09,53,right,night,Mer-Mer38_00147.JPG,525.jpg,Mer09_right,13,Mer09_night,11,6,True
Mer09,53,right,night,IMG_0001.JPG,526.jpg,Mer09_right,13,Mer09_night,11,6,True
Mer09,53,right,night,Mer-Mer41_01142.JPG,527.jpg,Mer09_right,13,Mer09_night,11,6,True
Mer09,53,right,night,Mer-Mer36_00332.JPG,528.jpg,Mer09_right,13,Mer09_night,11,6,True
Mer09,53,right,night,Mer-Mer39_00466.JPG,529.jpg,Mer09_right,13,Mer09_night,11,6,True
Mer09,53,right,night,Mer-Mer39_00589.JPG,530.jpg,Mer09_right,13,Mer09_night,11,6,True
Mer09,53,right,night,Mer-Mer41_00091.JPG,531.jpg,Mer09_right,13,Mer09_night,11,6,True
Mer09,53,right,night,Mer-Mer38_00342.JPG,532.jpg,Mer09_right,13,Mer09_night,11,6,True
Mer09,53,right,night,Mer-Mer36_00222.JPG,533.jpg,Mer09_right,13,Mer09_night,11,6,True
Mer09,53,right,night,Mer-Mer46_00014.JPG,534.jpg,Mer09_right,13,Mer09_night,11,6,True
Mer09,53,right,night,Mer-Mer39_00477.JPG,535.jpg,Mer09_right,13,Mer09_night,11,6,True
Mer09,53,right,night,Mer-Mer41_01143.JPG,536.jpg,Mer09_right,13,Mer09_night,11,6,True
Mer09,53,right,night,Mer-Mer38_00215.JPG,537.jpg,Mer09_right,13,Mer09_night,11,6,True
Mer09,53,right,night,IMG_0022(1).jpg,538.jpg,Mer09_right,13,Mer09_night,11,6,True
Mer09,53,right,night,Mer-Mer38_00042(1).jpg,539.jpg,Mer09_right,13,Mer09_night,11,6,True
Mer09,53,right,night,Mer-Mer38_00214.JPG,540.jpg,Mer09_right,13,Mer09_night,11,6,True
Mer09,53,right,night,Mer-Mer41_00002.JPG,541.jpg,Mer09_right,13,Mer09_night,11,6,True
Mer09,53,right,night,IMG_0163(2).jpg,542.jpg,Mer09_right,13,Mer09_night,11,6,True
Mer09,53,right,night,Mer-Mer46_00184.JPG,543.jpg,Mer09_right,13,Mer09_night,11,6,True
Mer09,53,right,night,IMG_0024.JPG,544.jpg,Mer09_right,13,Mer09_night,11,6,True
Mer09,53,right,night,Mer-Mer36_00435.JPG,545.jpg,Mer09_right,13,Mer09_night,11,6,True
Mer09,53,right,night,Mer-Mer39_00080.JPG,546.jpg,Mer09_right,13,Mer09_night,11,6,True
Mer09,53,right,night,Mer-Mer38_00102.JPG,547.jpg,Mer09_right,13,Mer09_night,11,6,True
Mer09,53,right,night,IMG_0025.JPG,548.jpg,Mer09_right,13,Mer09_night,11,6,True
Mer09,53,right,night,IMG_0161(2).jpg,549.jpg,Mer09_right,13,Mer09_night,11,6,True
Mer09,53,right,night,Mer-Mer38_00213.JPG,550.jpg,Mer09_right,13,Mer09_night,11,6,True
Mer09,53,right,night,Mer-Mer41_01145.JPG,551.jpg,Mer09_right,13,Mer09_night,11,6,True
Mer09,53,right,night,Mer-Mer36_00433.JPG,552.jpg,Mer09_right,13,Mer09_night,11,6,True
Mer09,53,right,night,Mer-Mer38_00217.JPG,553.jpg,Mer09_right,13,Mer09_night,11,6,True
Mer09,53,right,night,Mer-Mer38_00331.JPG,554.jpg,Mer09_right,13,Mer09_night,11,6,True
Mer09,53,right,night,Mer-Mer38_00238.JPG,555.jpg,Mer09_right,13,Mer09_night,11,6,True
Mer09,53,right,night,Mer-Mer38_00235.JPG,556.jpg,Mer09_right,13,Mer09_night,11,6,True
Mer09,53,right,night,Mer-Mer38_00041(1).jpg,557.jpg,Mer09_right,13,Mer09_night,11,6,True
Mer09,53,right,night,IMG_0162(1).jpg,558.jpg,Mer09_right,13,Mer09_night,11,6,True
Mer09,53,right,night,Mer-Mer39_00078.JPG,559.jpg,Mer09_right,13,Mer09_night,11,6,True
Mer09,54,left,day,Mer-Mer37_00112.JPG,560.jpg,Mer09_left,12,Mer09_day,12,6,True
Mer09,54,left,day,Mer-Mer41_01161.JPG,561.jpg,Mer09_left,12,Mer09_day,12,6,True
Mer09,54,left,day,Mer-Mer37_00021(2).jpg,562.jpg,Mer09_left,12,Mer09_day,12,6,True
Mer09,54,left,day,Mer-Mer41_01531.JPG,563.jpg,Mer09_left,12,Mer09_day,12,6,True
Mer09,54,left,day,Mer-Mer37_00022.JPG,564.jpg,Mer09_left,12,Mer09_day,12,6,True
Mer09,54,left,day,Mer-Mer41_01162.JPG,565.jpg,Mer09_left,12,Mer09_day,12,6,True
Mer09,54,left,day,Mer-Mer39_00112(1).jpg,566.jpg,Mer09_left,12,Mer09_day,12,6,True
Mer09,54,left,day,Mer-Mer40_00214.JPG,567.jpg,Mer09_left,12,Mer09_day,12,6,True
Mer09,54,left,day,Mer-Mer41_01163.JPG,568.jpg,Mer09_left,12,Mer09_day,12,6,True
Mer09,55,right,day,Mer-Mer46_00013(1).jpg,569.jpg,Mer09_right,13,Mer09_day,12,6,True
Mer09,55,right,day,Mer-Mer46_00012(1).jpg,570.jpg,Mer09_right,13,Mer09_day,12,6,True
Mer09,55,right,day,Mer-Mer38_00173.JPG,571.jpg,Mer09_right,13,Mer09_day,12,6,True
Mer09,55,right,day,Mer-Mer38_00402.JPG,572.jpg,Mer09_right,13,Mer09_day,12,6,True
Mer09,55,right,day,Mer-Mer46_00011(2).jpg,573.jpg,Mer09_right,13,Mer09_day,12,6,True
Mer09,55,right,day,Mer-Mer46_00274.JPG,574.jpg,Mer09_right,13,Mer09_day,12,6,True
Mer09,55,right,day,Mer-Mer46_00273.JPG,575.jpg,Mer09_right,13,Mer09_day,12,6,True
Mer09,55,right,day,Mer-Mer38_00401.JPG,576.jpg,Mer09_right,13,Mer09_day,12,6,True
Mer09,55,right,day,Mer-Mer38_00403.JPG,577.jpg,Mer09_right,13,Mer09_day,12,6,True
Mer09,55,right,day,Mer-Mer46_00014(1).jpg,578.jpg,Mer09_right,13,Mer09_day,12,6,True
Mer09,55,right,day,Mer-Mer46_00271(3).jpg,579.jpg,Mer09_right,13,Mer09_day,12,6,True
Mer09,55,right,day,Mer-Mer46_00272(1).jpg,580.jpg,Mer09_right,13,Mer09_day,12,6,True
Mer09,55,right,day,Mer-Mer38_00171.JPG,581.jpg,Mer09_right,13,Mer09_day,12,6,True
Mer09,55,right,day,Mer-Mer38_00172.JPG,582.jpg,Mer09_right,13,Mer09_day,12,6,True
Mer09,55,right,day,Mer-Mer46_00275.JPG,583.jpg,Mer09_right,13,Mer09_day,12,6,True
Target,60,left,night,Mer-Mer13_00381.JPG,722.jpg,Target_left,18,Target_night,15,9,True
Target,60,left,night,Mer-Mer13_00383.JPG,723.jpg,Target_left,18,Target_night,15,9,True
Target,60,left,night,Mer-Mer13_00382.JPG,724.jpg,Target_left,18,Target_night,15,9,True
Target,60,left,night,Mer-Mer14_00181(1).jpg,725.jpg,Target_left,18,Target_night,15,9,True
Target,60,left,night,Mer-Mer13_00386.JPG,726.jpg,Target_left,18,Target_night,15,9,True
Target,60,left,night,Mer-Mer13_00384.JPG,727.jpg,Target_left,18,Target_night,15,9,True
Target,60,left,night,Mer-Mer15_00432.JPG,728.jpg,Target_left,18,Target_night,15,9,True
Target,60,left,night,Mer-Mer13_00385.JPG,729.jpg,Target_left,18,Target_night,15,9,True
Target,60,left,night,Mer-Mer15_00433.JPG,730.jpg,Target_left,18,Target_night,15,9,True
Target,60,left,night,Mer-Mer04_00351.JPG,731.jpg,Target_left,18,Target_night,15,9,True
Target,61,right,night,Mer-Mer09_00088.JPG,732.jpg,Target_right,19,Target_night,15,9,True
Target,61,right,night,Mer-Mer16_00141.JPG,733.jpg,Target_right,19,Target_night,15,9,True
Target,61,right,night,Mer-Mer09_00091.JPG,734.jpg,Target_right,19,Target_night,15,9,True
Target,61,right,night,Mer-Mer09_00092.JPG,735.jpg,Target_right,19,Target_night,15,9,True
Target,61,right,night,Mer-Mer15_00442.JPG,736.jpg,Target_right,19,Target_night,15,9,True
Target,61,right,night,Mer-Mer18_00544.JPG,737.jpg,Target_right,19,Target_night,15,9,True
Target,61,right,night,Mer-Mer09_00089.JPG,738.jpg,Target_right,19,Target_night,15,9,True
Target,61,right,night,Mer-Mer16_00283.JPG,739.jpg,Target_right,19,Target_night,15,9,True
Target,61,right,night,Mer-Mer16_00142.JPG,740.jpg,Target_right,19,Target_night,15,9,True
Target,61,right,night,Mer-Mer16_00281.JPG,741.jpg,Target_right,19,Target_night,15,9,True
Target,61,right,night,Mer-Mer16_00145.JPG,742.jpg,Target_right,19,Target_night,15,9,True
Target,61,right,night,Mer-Mer16_00284.JPG,743.jpg,Target_right,19,Target_night,15,9,True
Target,61,right,night,Mer-Mer18_00542.JPG,744.jpg,Target_right,19,Target_night,15,9,True
Target,61,right,night,Mer-Mer09_00090.JPG,745.jpg,Target_right,19,Target_night,15,9,True
Target,61,right,night,Mer-Mer18_00545.JPG,746.jpg,Target_right,19,Target_night,15,9,True
Target,61,right,night,Mer-Mer15_00443.JPG,747.jpg,Target_right,19,Target_night,15,9,True
Target,61,right,night,Mer-Mer16_00282.JPG,748.jpg,Target_right,19,Target_night,15,9,True
Target,61,right,night,Mer-Mer16_00144.JPG,749.jpg,Target_right,19,Target_night,15,9,True
Target,61,right,night,Mer-Mer16_00143.JPG,750.jpg,Target_right,19,Target_night,15,9,True
Target,61,right,night,Mer-Mer16_00285.JPG,751.jpg,Target_right,19,Target_night,15,9,True
Mer09,54,left,day,Mer-Mer40_00214.JPG,567.jpg,Mer09_left,12,Mer09_day,12,6,True
Mer09,23,left,day,Mer-Mer37_00022.JPG,564.jpg,Mer09_left,12,Mer09_day,12,6,False
Circles,1,right,night,Por-Por34_00322.JPG,18.jpg,Circles_right,1,Circles_night,0,0,False
Circles,1,right,night,Por-Por28_01352.JPG,19.jpg,Circles_right,1,Circles_night,0,0,False
Circles,1,right,night,Por-Por34_00322.JPG,18.jpg,Circles_right,1,Circles_night,0,0,False
LM05,16,right,night,Por-Por22_00017.JPG,270.jpg,LM05_right,9,LM05_night,8,4,False
LM05,16,right,night,Por-Por22_00018.JPG,272.jpg,LM05_right,9,LM05_night,8,4,False
LM05,16,right,night,Por-Por17_00051.JPG,271.jpg,LM05_right,9,LM05_night,8,4,False
Felix,10,right,day,Mer-Mer04_00304.JPG,159.jpg,Felix_right,5,Felix_day,5,2,False
Felix,10,right,day,Mer-Mer04_00307.JPG,155.jpg,Felix_right,5,Felix_day,5,2,False
Felix,10,right,day,Mer-Mer04_00306.JPG,160.jpg,Felix_right,5,Felix_day,5,2,False
LM05,47,right,night,Por-Por17_00052.JPG,267.jpg,LM05_right,9,LM05_night,8,4,True
LM05,47,right,night,Por-Por17_00052.JPG,267.jpg,LM05_right,9,LM05_night,8,4,True
LM05,47,right,night,Por-Por17_00051.JPG,271.jpg,LM05_right,9,LM05_night,8,4,True
Felix,41,right,day,Mer-Mer04_00304.JPG,159.jpg,Felix_right,5,Felix_day,5,2,True
Felix,41,right,day,Mer-Mer04_00302.JPG,158.jpg,Felix_right,5,Felix_day,5,2,True
Felix,41,right,day,Mer-Mer04_00304.JPG,159.jpg,Felix_right,5,Felix_day,5,2,True
Circles,32,right,night,Por-Por34_00322.JPG,18.jpg,Circles_right,1,Circles_night,0,0,True
Circles,32,right,night,Por-Por31_00061(1).jpg,15.jpg,Circles_right,1,Circles_night,0,0,True
Circles,32,right,night,Por-Por31_00903.JPG,14.jpg,Circles_right,1,Circles_night,0,0,True
LM05,17,left,day,Por-Por15_00113.JPG,276.jpg,LM05_left,8,LM05_day,9,4,False
LM05,17,left,day,Por-Por15_00111.JPG,275.jpg,LM05_left,8,LM05_day,9,4,False
LM05,17,left,day,Por-Por15_00113.JPG,276.jpg,LM05_left,8,LM05_day,9,4,False
LM05,17,left,day,Por-Por22_00082.JPG,277.jpg,LM05_left,8,LM05_day,9,4,False
LM05,48,left,day,Por-Por22_00083.JPG,278.jpg,LM05_left,8,LM05_day,9,4,True
LM05,48,left,day,Por-Por15_00112.JPG,273.jpg,LM05_left,8,LM05_day,9,4,True
LM05,48,left,day,Por-Por22_00231(2).jpg,274.jpg,LM05_left,8,LM05_day,9,4,True
LM05,48,left,day,Por-Por22_00083.JPG,278.jpg,LM05_left,8,LM05_day,9,4,True
Felix,9,left,day,Mer-Mer17_00526.JPG,149.jpg,Felix_left,4,Felix_day,5,2,False
Felix,9,left,day,Mer-Mer17_00527.JPG,151.jpg,Felix_left,4,Felix_day,5,2,False
Felix,9,left,day,Mer-Mer17_00525.JPG,150.jpg,Felix_left,4,Felix_day,5,2,False
Felix,9,left,day,Mer-Mer17_00525.JPG,150.jpg,Felix_left,4,Felix_day,5,2,False
Felix,9,left,day,Mer-Mer17_00523.JPG,152.jpg,Felix_left,4,Felix_day,5,2,False
Felix,40,left,day,Mer-Mer17_00525.JPG,150.jpg,Felix_left,4,Felix_day,5,2,True
Felix,40,left,day,Mer-Mer17_00527.JPG,151.jpg,Felix_left,4,Felix_day,5,2,True
Felix,40,left,day,Mer-Mer17_00524.JPG,153.jpg,Felix_left,4,Felix_day,5,2,True
Felix,40,left,day,Mer-Mer17_00525.JPG,150.jpg,Felix_left,4,Felix_day,5,2,True
Felix,40,left,day,Mer-Mer17_00524.JPG,153.jpg,Felix_left,4,Felix_day,5,2,True
Circles,33,left,day,Por-Por34_00312.JPG,23.jpg,Circles_left,0,Circles_day,1,0,True
Circles,33,left,day,Por-Por34_00313.JPG,21.jpg,Circles_left,0,Circles_day,1,0,True
Circles,33,left,day,Por-Por34_00314.JPG,24.jpg,Circles_left,0,Circles_day,1,0,True
Circles,33,left,day,Por-Por34_00312.JPG,23.jpg,Circles_left,0,Circles_day,1,0,True
Circles,33,left,day,Por-Por34_00312.JPG,23.jpg,Circles_left,0,Circles_day,1,0,True
Circles,33,left,day,Por-Por34_00312.JPG,23.jpg,Circles_left,0,Circles_day,1,0,True
Circles,2,left,day,Por-Por34_00314.JPG,24.jpg,Circles_left,0,Circles_day,1,0,False
Circles,2,left,day,Por-Por34_00313.JPG,21.jpg,Circles_left,0,Circles_day,1,0,False
Circles,2,left,day,Por-Por34_00311.JPG,22.jpg,Circles_left,0,Circles_day,1,0,False
Circles,2,left,day,Por-Por34_00314.JPG,24.jpg,Circles_left,0,Circles_day,1,0,False
Circles,2,left,day,Por-Por34_00312.JPG,23.jpg,Circles_left,0,Circles_day,1,0,False
Circles,2,left,day,Por-Por34_00312.JPG,23.jpg,Circles_left,0,Circles_day,1,0,False
LM05,49,right,day,Por-Por22_00032.JPG,280.jpg,LM05_right,9,LM05_day,9,4,True
LM05,49,right,day,Por-Por22_00032.JPG,280.jpg,LM05_right,9,LM05_day,9,4,True
LM05,49,right,day,Por-Por22_00032.JPG,280.jpg,LM05_right,9,LM05_day,9,4,True
LM05,49,right,day,Por-Por22_00032.JPG,280.jpg,LM05_right,9,LM05_day,9,4,True
LM05,49,right,day,Por-Por22_00032.JPG,280.jpg,LM05_right,9,LM05_day,9,4,True
LM05,49,right,day,Por-Por22_00031.JPG,279.jpg,LM05_right,9,LM05_day,9,4,True
LM05,49,right,day,Por-Por22_00032.JPG,280.jpg,LM05_right,9,LM05_day,9,4,True
LM05,49,right,day,Por-Por22_00032.JPG,280.jpg,LM05_right,9,LM05_day,9,4,True
LM05,18,right,day,Por-Por22_00031.JPG,279.jpg,LM05_right,9,LM05_day,9,4,False
LM05,18,right,day,Por-Por22_00031.JPG,279.jpg,LM05_right,9,LM05_day,9,4,False
LM05,18,right,day,Por-Por22_00031.JPG,279.jpg,LM05_right,9,LM05_day,9,4,False
LM05,18,right,day,Por-Por22_00032.JPG,280.jpg,LM05_right,9,LM05_day,9,4,False
LM05,18,right,day,Por-Por22_00031.JPG,279.jpg,LM05_right,9,LM05_day,9,4,False
LM05,18,right,day,Por-Por22_00032.JPG,280.jpg,LM05_right,9,LM05_day,9,4,False
LM05,18,right,day,Por-Por22_00032.JPG,280.jpg,LM05_right,9,LM05_day,9,4,False
LM05,18,right,day,Por-Por22_00031.JPG,279.jpg,LM05_right,9,LM05_day,9,4,False
